Organisme,Code,Projet,Gouvernorat,Nom reponsable,Contact mail,Telephone1,Telephone2,Fax,Activité,Spéculation,Superficie,Nombre des opérateurs,Estimation,Producteur,Ceuilleir,Transfo,Exporter,aquacultuer
CCPB,T0007,KHIRA,Nabeul,inconnu,inconnu,96034011,0,71429132,a,Olivier à huile,1.4,1,4.1,1,0,0,0,0
CCPB,T0007,KHIRA,Nabeul,inconnu,inconnu,96034011,0,71429132,a,Jachère,0.67,0,0,1,0,0,0,0
CCPB,T0007,KHIRA,Nabeul,inconnu,inconnu,96034011,0,71429132,a,Figue de barbarie  ,0.01,0,0,1,0,0,0,0
CCPB,T0007,KHIRA,Nabeul,inconnu,inconnu,96034011,0,71429132,a,Jachère,0.01,0,0,1,0,0,0,0
CCPB,T0007,KHIRA,Nabeul,inconnu,inconnu,96034011,0,71429132,a,Arbres fruitiers (Amandier.Grenadier.Figuier),1.29,0,0.15,1,0,0,0,0
CCPB,T0007,KHIRA,Nabeul,inconnu,inconnu,96034011,0,71429132,a,Agrume,2.27,0,15.5,1,0,0,0,0
CCPB,T0007,KHIRA,Nabeul,inconnu,inconnu,96034011,0,71429132,a,PAM(tyhm.romarin.laurier.Geranium),0.13,0,0,1,0,0,0,0
CCPB,T0059,ASSOCIATION DE SAUVGARDE DE L'OASIS DE CHENINI,Gabes,inconnu,inconnu,75228407,0,75228407,a,Grenadier,22.379,1,99.07,1,0,0,0,0
CCPB,T0059,ASSOCIATION DE SAUVGARDE DE L'OASIS DE CHENINI,Gabes,inconnu,inconnu,75228407,0,75228407,a,Olivier à huile,1.95,0,1.3,1,0,0,0,0
CCPB,T0059,ASSOCIATION DE SAUVGARDE DE L'OASIS DE CHENINI,Gabes,inconnu,inconnu,75228407,0,75228407,a,Datte,9.338,0,21.1,1,0,0,0,0
CCPB,T0059,ASSOCIATION DE SAUVGARDE DE L'OASIS DE CHENINI,Gabes,inconnu,inconnu,75228407,0,75228407,a,Agrume,0.105,0,0.25,1,0,0,0,0
CCPB,T0059,ASSOCIATION DE SAUVGARDE DE L'OASIS DE CHENINI,Gabes,inconnu,inconnu,75228407,0,75228407,a,Luzerne,6.09,0,1.63,1,0,0,0,0
CCPB,T0059,ASSOCIATION DE SAUVGARDE DE L'OASIS DE CHENINI,Gabes,inconnu,inconnu,75228407,0,75228407,a,Hénne,5.727,0,4.05,1,0,0,0,0
CCPB,T0059,ASSOCIATION DE SAUVGARDE DE L'OASIS DE CHENINI,Gabes,inconnu,inconnu,75228407,0,75228407,a,arbres fruitiers ,7.495,0,5.65,1,0,0,0,0
CCPB,T0059,ASSOCIATION DE SAUVGARDE DE L'OASIS DE CHENINI,Gabes,inconnu,inconnu,75228407,0,75228407,a,Vignes,1.48,0,1.92,1,0,0,0,0
CCPB,T0059,ASSOCIATION DE SAUVGARDE DE L'OASIS DE CHENINI,Gabes,inconnu,inconnu,75228407,0,75228407,a,arbres fruitiers ,0.45,0,1.11,1,0,0,0,0
CCPB,T0059,ASSOCIATION DE SAUVGARDE DE L'OASIS DE CHENINI,Gabes,inconnu,inconnu,75228407,0,75228407,a,Muriers,1.265,0,1.18,1,0,0,0,0
CCPB,T0059,ASSOCIATION DE SAUVGARDE DE L'OASIS DE CHENINI,Gabes,inconnu,inconnu,75228407,0,75228407,a,arbres fruitiers ,0.2,0,0.01,1,0,0,0,0
CCPB,T0059,ASSOCIATION DE SAUVGARDE DE L'OASIS DE CHENINI,Gabes,inconnu,inconnu,75228407,0,75228407,a,arbres fruitiers ,0.745,0,0.64,1,0,0,0,0
CCPB,T0059,ASSOCIATION DE SAUVGARDE DE L'OASIS DE CHENINI,Gabes,inconnu,inconnu,75228407,0,75228407,a,Jachére,4.505,0,0,1,0,0,0,0
CCPB,T0059,ASSOCIATION DE SAUVGARDE DE L'OASIS DE CHENINI,Gabes,inconnu,inconnu,75228407,0,75228407,a,arbres fruitiers ,2.412,0,2.62,1,0,0,0,0
CCPB,T0059,ASSOCIATION DE SAUVGARDE DE L'OASIS DE CHENINI,Gabes,inconnu,inconnu,75228407,0,75228407,a,Amandier,2,0,0.5,1,0,0,0,0
CCPB,T0063,GOVPF,Bizerte,inconnu,inconnu,71255035,0,71345965,a,Olivier à huile,25,1,40,1,0,0,0,0
CCPB,T0088,HAMZAOUI RACHID ,Kasserine,inconnu,inconnu,99327397,0,0,a,Blé dur ,2,1,0.42,1,0,0,0,0
CCPB,T0088,HAMZAOUI RACHID ,Kasserine,inconnu,inconnu,99327397,0,0,a,Pistachier,10,0,2.1,1,0,0,0,0
CCPB,T0088,HAMZAOUI RACHID ,Kasserine,inconnu,inconnu,99327397,0,0,a,PAM,0.03,0,0,1,0,0,0,0
CCPB,T0088,HAMZAOUI RACHID ,Kasserine,inconnu,inconnu,99327397,0,0,a,Amandier,2,0,0.9,1,0,0,0,0
CCPB,T0088,HAMZAOUI RACHID ,Kasserine,inconnu,inconnu,99327397,0,0,a,Jachére,12.77,0,0,1,0,0,0,0
CCPB,T0088,HAMZAOUI RACHID ,Kasserine,inconnu,inconnu,99327397,0,0,a,Foret,1,0,0,1,0,0,0,0
CCPB,T0088,HAMZAOUI RACHID ,Kasserine,inconnu,inconnu,99327397,0,0,a,Avoine + orge,12,0,A=0.6. O=0.6,1,0,0,0,0
CCPB,T0088,HAMZAOUI RACHID ,Kasserine,inconnu,inconnu,99327397,0,0,a,Arbres fruitiers,1.2,0,0,1,0,0,0,0
CCPB,T0095,SAID MANSI,Kairouan,inconnu,inconnu,97654656,0,0,b,Apiculture,0,1,0,0,1,0,0,0
CCPB,T0116,C.F.P.A Souassi,Mahdia,inconnu,inconnu,73610320,0,73610320,a,Olive à huile ,116.1,1,4.508,1,0,0,0,0
CCPB,T0116,C.F.P.A Souassi,Mahdia,inconnu,inconnu,73610320,0,0,a,Olive de table ,0.72,0,0,1,0,0,0,0
CCPB,T0120,SOCIETE FERME SHIRI,Bizerte,inconnu,inconnu,23225478,0,72467977,a. b.c,Caprin,0,1,0,1,1,1,0,0
CCPB,T0120,SOCIETE FERME SHIRI,Bizerte,inconnu,inconnu,23225478,0,72467977,a. b.c,Ovin,0,0,0,1,1,1,0,0
CCPB,T0120,SOCIETE FERME SHIRI,Bizerte,inconnu,inconnu,23225478,0,72467977,a. b.c,Apiculture,0,0,0,1,1,1,0,0
CCPB,T0120,SOCIETE FERME SHIRI,Bizerte,inconnu,inconnu,23225478,0,72467977,a. b.c,Cultures maraichers . ,1.7,0,1.2,1,1,1,0,0
CCPB,T0120,SOCIETE FERME SHIRI,Bizerte,inconnu,inconnu,23225478,0,72467977,a. b.c,Avoine,13,0,0,1,1,1,0,0
CCPB,T0120,SOCIETE FERME SHIRI,Bizerte,inconnu,inconnu,23225478,0,72467977,a. b.c,Triticale,12,0,0,1,1,1,0,0
CCPB,T0120,SOCIETE FERME SHIRI,Bizerte,inconnu,inconnu,23225478,0,72467977,a. b.c,Orge,24,0,0,1,1,1,0,0
CCPB,T0120,SOCIETE FERME SHIRI,Bizerte,inconnu,inconnu,23225478,0,72467977,a. b.c,Orge en vert ,6,0,0,1,1,1,0,0
CCPB,T0120,SOCIETE FERME SHIRI,Bizerte,inconnu,inconnu,23225478,0,72467977,a. b.c,Mais,2,0,3,1,1,1,0,0
CCPB,T0120,SOCIETE FERME SHIRI,Bizerte,inconnu,inconnu,23225478,0,72467977,a. b.c,Agrume,2.25,0,2.75,1,1,1,0,0
CCPB,T0120,SOCIETE FERME SHIRI,Bizerte,inconnu,inconnu,23225478,0,72467977,a. b.c,Cactus inerme,1,0,1,1,1,1,0,0
CCPB,T0120,SOCIETE FERME SHIRI,Bizerte,inconnu,inconnu,23225478,0,72467977,a. b.c,Jachére,35.2,0,0,1,1,1,0,0
CCPB,T0120,SOCIETE FERME SHIRI,Bizerte,inconnu,inconnu,23225478,0,72467977,a. b.c,Maquis,1016,0,0,1,1,1,0,0
CCPB,T0120,SOCIETE FERME SHIRI,Bizerte,inconnu,inconnu,23225478,0,72467977,a. b.c,Fraise,0.1,0,1,1,1,1,0,0
CCPB,T0120,SOCIETE FERME SHIRI,Bizerte,inconnu,inconnu,23225478,0,72467977,a. b.c,Féve. Petit Pois,2.5,0,0,1,1,1,0,0
CCPB,T0120,SOCIETE FERME SHIRI,Bizerte,inconnu,inconnu,23225478,0,72467977,a. b.c,Blé dur,1,0,0,1,1,1,0,0
CCPB,T0120,SOCIETE FERME SHIRI,Bizerte,inconnu,inconnu,23225478,0,72467977,a. b.c,Figuier,1,0,0.15,1,1,1,0,0
CCPB,T0127,C.R.R.H.A.B.CHATT MARIEM,Sousse,inconnu,inconnu,73327543,53863785,73327547,a,Jachére,0.24,1,0,1,0,0,0,0
CCPB,T0127,C.R.R.H.A.B.CHATT MARIEM,Sousse,inconnu,inconnu,73327543,53863785,73327547,a,Aloe vera,0.23,0,1,1,0,0,0,0
CCPB,T0127,C.R.R.H.A.B.CHATT MARIEM,Sousse,inconnu,inconnu,73327543,53863785,73327547,a, Piments sous serre insectproof (Essais Experimentale),0.04,0,0,1,0,0,0,0
CCPB,T0127,C.R.R.H.A.B.CHATT MARIEM,Sousse,inconnu,inconnu,73327543,53863785,73327547,a,Poirier,0.12,0,0,1,0,0,0,0
CCPB,T0127,C.R.R.H.A.B.CHATT MARIEM,Sousse,inconnu,inconnu,73327543,53863785,73327547,a,Olivier,0.5,0,0.5,1,0,0,0,0
CCPB,T0127,C.R.R.H.A.B.CHATT MARIEM,Sousse,inconnu,inconnu,73327543,53863785,73327547,a,Figuier,0.39,0,0.2,1,0,0,0,0
CCPB,T0127,C.R.R.H.A.B.CHATT MARIEM,Sousse,inconnu,inconnu,73327543,53863785,73327547,a,Grenadier,0.27,0,2,1,0,0,0,0
CCPB,T0127,C.R.R.H.A.B.CHATT MARIEM,Sousse,inconnu,inconnu,73327543,53863785,73327547,a,Serre vide,0.04,0,0,1,0,0,0,0
CCPB,T0127,C.R.R.H.A.B.CHATT MARIEM,Sousse,inconnu,inconnu,73327543,53863785,73327547,a,Tomate sous serre (essais experimentale),0.04,0,0,1,0,0,0,0
CCPB,T0127,C.R.R.H.A.B.CHATT MARIEM,Sousse,inconnu,inconnu,73327543,53863785,73327547,a,Feve et fevrole (Essais experimentale),0.035,0,0,1,0,0,0,0
CCPB,T0127,C.R.R.H.A.B.CHATT MARIEM,Sousse,inconnu,inconnu,73327543,53863785,73327547,a,Fevrole (Essais experimentale),0.035,0,0,1,0,0,0,0
CCPB,T0169,Abelkhalek Boujnah,Zaghouan,inconnu,inconnu,24365636,0,0,a,Olivier à huile,4,1,15,1,0,0,0,0
CCPB,T0169,Abelkhalek Boujnah,Zaghouan,inconnu,inconnu,24365636,0,0,a,Olivier de table ,0.5,0,0,1,0,0,0,0
CCPB,T0169,Abelkhalek Boujnah,Zaghouan,inconnu,inconnu,24365636,0,0,a,Arbres fruitiers (Amandier. figuier. figue de barbarie.citronnier.Pecher. grenadier. Pistachier),4.1,0,2.545,1,0,0,0,0
CCPB,T0169,Abelkhalek Boujnah,Zaghouan,inconnu,inconnu,24365636,0,0,a,Figue de Barbarie+Pistachiers,0.2,0,0,1,0,0,0,0
CCPB,T0169,Abelkhalek Boujnah,Zaghouan,inconnu,inconnu,24365636,0,0,a,plantes spontannées( romarin .thym. caroubier. Pin. genevrier. caprier.Aubépine. Camomille. Pistachier Lentisque. lnule. Fenouil Sauvage. Pissenlit. Bruyère. Globulaire. Bardane. Calendula. Chiendent. Rhubarbe. Scabieuse. Cyste. Mauve),1.2,0,0,1,0,0,0,0
CCPB,T0175,AbdelMajid Abdelaoui,Jendouba,inconnu,inconnu,96691808,0,0,a,Olivier à huile,51,1,80,1,0,0,0,0
CCPB,T0175,AbdelMajid Abdelaoui,Jendouba,inconnu,inconnu,96691808,0,0,a,PAM,22,0,10,1,0,0,0,0
CCPB,T0185,SOCIETE BOSTANE AGRO,Nabeul,inconnu,inconnu,23200826,72258448,72258445,a. c,olivier a table ,6.05,1,0,1,0,1,0,0
CCPB,T0185,SOCIETE BOSTANE AGRO,Nabeul,inconnu,inconnu,23200826,72258448,0,a. c,Neflier,0.2,0,0.7,1,0,1,0,0
CCPB,T0185,SOCIETE BOSTANE AGRO,Nabeul,inconnu,inconnu,23200826,72258448,0,a. c,Agrumes+Artichauts,21.5,0,A=50000 Têtes . OD=11 .OA=1.54 . OM=3T. OA=3.78T. OT=0.1.OC=0.14. OM=0.14 . OT=0.05 .OD=0.385.OA=0.1 .OT:0.05 .OD=0.385. OA=0.1 .OT=4.45 .OT=0.315 .OA=0.1 . O.D=1.035 . OM=0.48 . OT=7.729 .OA=0.84. OB=0.2. OD=17.42 . OT=0.135 .  .OV=31.06 .OB=0.6. OA=7.18 . OM=281.97 .P=0.7,1,0,1,0,0
CCPB,T0185,SOCIETE BOSTANE AGRO,Nabeul,inconnu,inconnu,23200826,72258448,0,a. c,Grenadier,4.5,0,59.8,1,0,1,0,0
CCPB,T0185,SOCIETE BOSTANE AGRO,Nabeul,inconnu,inconnu,23200826,72258448,0,a. c,olivier à huile ,0.1,0,0,1,0,1,0,0
CCPB,T0185,SOCIETE BOSTANE AGRO,Nabeul,inconnu,inconnu,23200826,72258448,0,a. c,Amandier+Potimarron,1.08,0,0.25,1,0,1,0,0
CCPB,T0185,SOCIETE BOSTANE AGRO,Nabeul,inconnu,inconnu,23200826,72258448,0,a. c,Conditionnement des fruits et légumes ,0,0,0,1,0,1,0,0
CCPB,T0198,HUILERIE  GHALI FADEL,Mahdia,inconnu,inconnu,97809543,0,0,a. c,Olivier à huile,2664.28,55,227.4,1,0,1,0,0
CCPB,T0198,HUILERIE  GHALI FADEL,Mahdia,inconnu,inconnu,97809543,0,0,a. c,Extraction d'huile d'olive ,0,0,0,1,0,1,0,0
CCPB,T0224,BEST OLIVOIL SUARL,Ben Arous,inconnu,inconnu,98302069,0,0,c,Extraction. stockage et conditionnement huile d'olive,0,1,200 T,0,0,1,0,0
CCPB,T0228,HUILERIE ESSAYED AMMAR,Mahdia,inconnu,inconnu,98294919,0,0,a. c,Olivier à huile,2476,34,2322,1,0,1,0,0
CCPB,T0228,HUILERIE ESSAYED AMMAR,Mahdia,inconnu,inconnu,98294919,0,0,a. c,Extraction d'huile d'olive,0,0,0,1,0,1,0,0
CCPB,T0240,Tarek Rouis ,Sousse,inconnu,inconnu,98275781,0,0,a,Plantes spontannées ,1,1,Selon besoin,1,0,0,0,0
CCPB,T0240,Tarek Rouis ,Sousse,inconnu,inconnu,98275781,0,0,a,Olive,13,0,0,1,0,0,0,0
CCPB,T0240,Tarek Rouis ,Sousse,inconnu,inconnu,98275781,0,0,a,Figue de barabrie+agave,1,0,10,1,0,0,0,0
CCPB,T0240,Tarek Rouis ,Sousse,inconnu,inconnu,98275781,0,0,a,Coriandre.Lupin,0.5,0,0.3,1,0,0,0,0
CCPB,T0240,Tarek Rouis ,Sousse,inconnu,inconnu,98275781,0,0,a,Ail . Oignon,1.5,0,1,1,0,0,0,0
CCPB,T0240,Tarek Rouis ,Sousse,inconnu,inconnu,98275781,0,0,a,Fenugrec. Navet,0.5,0,0.15,1,0,0,0,0
CCPB,T0240,Tarek Rouis ,Sousse,inconnu,inconnu,98275781,0,0,a,Féve,1,0,0.2,1,0,0,0,0
CCPB,T0240,Tarek Rouis ,Sousse,inconnu,inconnu,98275781,0,0,a,pois chiche,0.5,0,0.1,1,0,0,0,0
CCPB,T0240,Tarek Rouis ,Sousse,inconnu,inconnu,98275781,0,0,a,Piment. Tomate. Pomme de terre.Citrouille,2,0,1,1,0,0,0,0
CCPB,T0240,Tarek Rouis ,Sousse,inconnu,inconnu,98275781,0,0,a,Blé dur,54,0,82.5,1,0,0,0,0
CCPB,T0240,Tarek Rouis ,Sousse,inconnu,inconnu,98275781,0,0,a,Avoine ,27.5,0,37,1,0,0,0,0
CCPB,T0240,Tarek Rouis ,Sousse,inconnu,inconnu,98275781,0,0,a,Blé tendre,10,0,15,1,0,0,0,0
CCPB,T0240,Tarek Rouis ,Sousse,inconnu,inconnu,98275781,0,0,a,Orge,7.5,0,9,1,0,0,0,0
CCPB,T0241,HUILERIE LOTFI BACCOUCHE,Mahdia,inconnu,inconnu,98458729,0,0,a. c,Olivier à huile ,566.34,31,0,1,0,1,0,0
CCPB,T0241,HUILERIE LOTFI BACCOUCHE,Mahdia,inconnu,inconnu,98458729,0,0,a. c,Extraction d'huile d'olive,0,0,0,1,0,1,0,0
CCPB,T0242,BETAIEB HADEZZINE,Gafsa,inconnu,inconnu,98941634,0,0,a. c,Olivier à huile,208.3,19,3429.3,1,0,1,0,0
CCPB,T0242,BETAIEB HADEZZINE,Gafsa,inconnu,inconnu,98941634,0,0,a.c,Jachère,8,0,0,1,0,1,0,0
CCPB,T0242,BETAIEB HADEZZINE,Gafsa,inconnu,inconnu,98941634,0,0,a. c,Amandier,10,0,20,1,0,1,0,0
CCPB,T0242,BETAIEB HADEZZINE,Gafsa,inconnu,inconnu,98941634,0,0,a. c,Arbres fruitiers mixtes(Amandier.Figuier),0.5,0,0.5,1,0,1,0,0
CCPB,T0242,BETAIEB HADEZZINE,Gafsa,inconnu,inconnu,98941634,0,76221562,a. c,Extraction d'huile d'olive ,0,0,0,1,0,1,0,0
CCPB,T0250,HUILERIE HASSEN NACER,Mahdia,inconnu,inconnu,23402813,0,0,a. c,Extraction d'huile d'olive ,0,22,0,1,0,1,0,0
CCPB,T0250,HUILERIE HASSEN NACER,Mahdia,inconnu,inconnu,23402813,0,0,a. c,Olivier à huile,289.55,22,710.15,1,0,1,0,0
CCPB,T0250,HUILERIE HASSEN NACER,Sidi Bouzid,inconnu,inconnu,23402813,0,0,a. c,Olivier à huile,23.8,22,0,1,0,1,0,0
CCPB,T0250,HUILERIE HASSEN NACER,Sidi Bouzid,inconnu,inconnu,24115673,0,0,a,PAM (Thym. Romarin. Lavande. Sauge ),0.4,0,Selon besoin,1,0,0,0,0
CCPB,T0250,HUILERIE HASSEN NACER,Sidi Bouzid,inconnu,inconnu,24115673,0,0,a,Jachére,6.95,0,0,1,0,0,0,0
CCPB,T0250,HUILERIE HASSEN NACER,Sidi Bouzid,inconnu,inconnu,24115673,0,0,a,Blé Dur ,2.65,0,4.5,1,0,0,0,0
CCPB,T0250,HUILERIE HASSEN NACER,Sidi Bouzid,inconnu,inconnu,24115673,0,0,a,Méteil / Sulla,3.6,0, 75T sulla,1,0,0,0,0
CCPB,T0273,SOCIETE BIO FRESH,Ben Arous,inconnu,inconnu,71267010,0,0,a.c,Figue de barbarie  ,21.19,1,13T( raquettes FB),1,0,1,0,0
CCPB,T0273,SOCIETE BIO FRESH,Ben Arous,inconnu,inconnu,71267010,0,0,a.c,Serre,0.31,0,0,1,0,1,0,0
CCPB,T0273,SOCIETE BIO FRESH,Ben Arous,inconnu,inconnu,71267010,0,0,a.c,Conditionnement Fruits et légumes ,0,0,0,1,0,1,0,0
CCPB,T0273,SOCIETE BIO FRESH,Ben Arous,inconnu,inconnu,25960260,0,0,a. c,Transformation et conditionnement des caroubes,0,0,0,1,0,1,0,0
CCPB,T0278,Lotfi Gabsi,Nabeul,inconnu,inconnu,98275290,0,72279373,a.c,Olivier à huile,86,1,116,1,0,1,0,0
CCPB,T0278,Lotfi Gabsi,Nabeul,inconnu,inconnu,98275290,0,72279373,a.c,Amande ,1,0,1,1,0,1,0,0
CCPB,T0278,Lotfi Gabsi,Nabeul,inconnu,inconnu,98275290,0,72279373,a.c,Jachére,3,0,0,1,0,1,0,0
CCPB,T0278,Lotfi Gabsi,Nabeul,inconnu,inconnu,98275290,0,72279373,a.c,Extraction. stockage et conditionnement huile d'olive,0,0,0,1,0,1,0,0
CCPB,T0281,LABORATOIRES NATURES D'ORIENT,Sousse,inconnu,inconnu,29522010,0,0,a. c,Olivier à huile,15.78,1,33.25,1,0,1,0,0
CCPB,T0281,LABORATOIRES NATURES D'ORIENT,Sousse,inconnu,inconnu,29522010,0,0,a. c,Arbres fruitiers( Murier+Figuier),0.1,0,1,1,0,1,0,0
CCPB,T0281,LABORATOIRES NATURES D'ORIENT,Sousse,inconnu,inconnu,29522010,0,0,a. c,Amandier,0.3,0,4,1,0,1,0,0
CCPB,T0281,LABORATOIRES NATURES D'ORIENT,Sousse,inconnu,inconnu,29522010,0,0,a. c,Figue de barbarie  ,0.5,0,15,1,0,1,0,0
CCPB,T0281,LABORATOIRES NATURES D'ORIENT,Sousse,inconnu,inconnu,29522010,0,0,a. c,Extraction et conditionnement d'huiles végétales,0,0,0,1,0,1,0,0
CCPB,T0283,Ecole Supérieure d'Agriculture  Kef,Kef,inconnu,inconnu,98237412,0,0,a, Orge,0.4,1,0,1,0,0,0,0
CCPB,T0283,Ecole Supérieure d'Agriculture  Kef,Kef,inconnu,inconnu,98237412,0,0,a,Pistachier,2,0,0.5,1,0,0,0,0
CCPB,T0283,Ecole Supérieure d'Agriculture  Kef,Kef,inconnu,inconnu,98237412,0,0,a,Amandier,1,0,0,1,0,0,0,0
CCPB,T0283,Ecole Supérieure d'Agriculture  Kef,Kef,inconnu,inconnu,98237412,0,0,a,Blé dur,0.2,0,0,1,0,0,0,0
CCPB,T0283,Ecole Supérieure d'Agriculture  Kef,Kef,inconnu,inconnu,98237412,0,0,a,Olivier à huile,2.5,0,1,1,0,0,0,0
CCPB,T0283,Ecole Supérieure d'Agriculture  Kef,Kef,inconnu,inconnu,98237412,0,0,a,Triticale,0.1,0,0,1,0,0,0,0
CCPB,T0283,Ecole Supérieure d'Agriculture  Kef,Kef,inconnu,inconnu,98237412,0,0,a,vesce,0.2,0,0,1,0,0,0,0
CCPB,T0283,Ecole Supérieure d'Agriculture  Kef,Kef,inconnu,inconnu,98237412,0,0,a,blé dur- vesce,0.2,0,0,1,0,0,0,0
CCPB,T0283,Ecole Supérieure d'Agriculture  Kef,Kef,inconnu,inconnu,98237412,0,0,a,Jachère,1.8,0,0,1,0,0,0,0
CCPB,T0287,HUILERIE BIOLOGIQUE EL BARAKA,Monastir,inconnu,inconnu,97647885,0,0,a.c,Olivier à huile,229.4,18,505.9,1,0,1,0,0
CCPB,T0287,HUILERIE BIOLOGIQUE EL BARAKA,Gafsa,inconnu,inconnu,97647885,0,0,a.c,Olivier à huile,968.753,1,501.9,1,0,1,0,0
CCPB,T0287,HUILERIE BIOLOGIQUE EL BARAKA,Mednine ,inconnu,inconnu,97647885,0,0,a.c,Olivier à huile,56,1,0,1,0,1,0,0
CCPB,T0287,HUILERIE BIOLOGIQUE EL BARAKA,Mahdia,inconnu,inconnu,97647885,0,0,a.c,Olivier à huile,342,15,754.5,1,0,1,0,0
CCPB,T0287,HUILERIE BIOLOGIQUE EL BARAKA,Monastir,inconnu,inconnu,97647885,0,0,a.c,Extraction d'huile d'olive ,0,0,0,1,0,1,0,0
CCPB,T0291,IL PARADISO DELL'OLIO,Mahdia,inconnu,inconnu,24398306,0,0,a. c,Olivier à huile,142.2,19,605.35,1,0,1,0,0
CCPB,T0291,IL PARADISO DELL'OLIO,Mahdia,inconnu,inconnu,24398306,0,0,a. c,Extraction d'huile d'olive ,0,0,0,1,0,1,0,0
CCPB,T0293,SOCOBSA EL AMEL,Gabes,inconnu,inconnu,97858320,0,0,a,Olivier à huile,5.4691,1,0,1,0,0,0,0
CCPB,T0293,SOCOBSA EL AMEL,Gabes,inconnu,inconnu,97858320,0,0,a,Datte,9.0519,0,0,1,0,0,0,0
CCPB,T0293,SOCOBSA EL AMEL,Gabes,inconnu,inconnu,97858320,0,0,a,Agrume,0.5748,0,0,1,0,0,0,0
CCPB,T0293,SOCOBSA EL AMEL,Gabes,inconnu,inconnu,97858320,0,0,a,Arbres fruitiers  (Abricot.grendier),26.1342,0,0,1,0,0,0,0
CCPB,T0298,Groupement Interprofessionnel des Légumes - Station Manouba,Manouba,inconnu,inconnu,71624412,0,0,a.c,Artichaut,1,1,1.5 T,1,0,1,0,0
CCPB,T0298,Groupement Interprofessionnel des Légumes - Station Manouba,Manouba,inconnu,inconnu,71624412,0,0,a.c,Production des semences( chou ravé. Laitue romarin. Blette . Radis . Célérie. persil. Oignon blanc. Oignon rouge .fenouil  . Ail  RioGrande. carotte ),25.48,0,A=1.76 . LR=200. CR=150 .O=450. P=300b. C=300. R=200 . Ail=100 c=150 k. B=200 b . F=200 k,1,0,1,0,0
CCPB,T0298,Groupement Interprofessionnel des Légumes - Station Manouba,Manouba,inconnu,inconnu,71624412,0,0,a.c,Jachére ,1.52,0,0,1,0,1,0,0
CCPB,T0299,Groupement Interprofessionnel des Légumes - Station Korba,Nabeul,inconnu,inconnu,72387844,0,0,a,Pomme de terre ,0.3,1,0,1,0,0,0,0
CCPB,T0299,Groupement Interprofessionnel des Légumes - Station Korba,Nabeul,inconnu,inconnu,72387844,0,0,a,Jachére,0.1,0,0,1,0,0,0,0
CCPB,T0299,Groupement Interprofessionnel des Légumes - Station Korba,Nabeul,inconnu,inconnu,72387844,0,0,a,Fraisers ,0.045,0,0,1,0,0,0,0
CCPB,T0299,Groupement Interprofessionnel des Légumes - Station Korba,Nabeul,inconnu,inconnu,72387844,0,0,a,Ail,0.035,0,0,1,0,0,0,0
CCPB,T0305,SOCIETE BANNOUR DES HUILES SUPER,Mahdia,inconnu,inconnu,98924773,0,0,a. c,Olivier à huile,1650.95,61,1154.75,1,0,1,0,0
CCPB,T0305,SOCIETE BANNOUR DES HUILES SUPER,Mahdia,inconnu,inconnu,98924773,0,0,a. c,Oliviers à huile + Arbres fruitiers (Grenadier.Pecher. Figuier. Abricotier. Poiriers. Pommiers. Orangers),39.2,0,O: 39.2/ AF: 1,1,0,1,0,0
CCPB,T0305,SOCIETE BANNOUR DES HUILES SUPER,Mahdia,inconnu,inconnu,98924773,0,0,a. c,Amandiers,0.9,0,1.5,1,0,1,0,0
CCPB,T0305,SOCIETE BANNOUR DES HUILES SUPER,Mahdia,inconnu,inconnu,98924773,0,0,a. c,Arbres Fruitiers Mixtes,0.1,0,0.5,1,0,1,0,0
CCPB,T0305,SOCIETE BANNOUR DES HUILES SUPER,Mahdia,inconnu,inconnu,98924773,0,0,a. c,Maraichage (Piment.concombre.Pastéque. Melon. Pomme de terre),0.3,0,P.T= 0.4 / Pim=0.7 / Pa+Con+Me=0.5,1,0,1,0,0
CCPB,T0305,SOCIETE BANNOUR DES HUILES SUPER,Mahdia,inconnu,inconnu,98924773,0,0,a. c,Extraction d'huile d'olive ,0,1,381T,1,0,1,0,0
CCPB,T0306,"SOCIETE HUILERIE MODERNE""EZZITOUNA""",Mahdia,inconnu,inconnu,23075244,0,0,a. c,Olivier à huile,430.234,32,1289.71,1,0,1,0,0
CCPB,T0306,"SOCIETE HUILERIE MODERNE""EZZITOUNA""",Kairouan,inconnu,inconnu,23075244,0,0,a. c,Olivier à huile,244.65,0,910.3,1,0,1,0,0
CCPB,T0306,"SOCIETE HUILERIE MODERNE""EZZITOUNA""",Sousse,inconnu,inconnu,0,0,0,a. c,Olivier à huile,39.2,0,279.45,1,0,1,0,0
CCPB,T0306,"SOCIETE HUILERIE MODERNE""EZZITOUNA""",Sousse,inconnu,inconnu,23075244,0,0,a. c,Extraction d'huile d'olive ,0,0,0,1,0,1,0,0
CCPB,T0310,HUILERIE BEN NJEMA,Mahdia,inconnu,inconnu,98364898,0,0,a. c,Olivier à huile,73.9,16,765.4,1,0,1,0,0
CCPB,T0310,HUILERIE BEN NJEMA, Kairouan,inconnu,inconnu,98364898,0,0,a. c,Olivier à huile,320.96,7,0,1,0,1,0,0
CCPB,T0310,HUILERIE BEN NJEMA,Zaghouan,inconnu,inconnu,98364898,0,0,a. c,Olivier à huile,60.1,1,0,1,0,1,0,0
CCPB,T0310,HUILERIE BEN NJEMA,Mahdia,inconnu,inconnu,98364898,0,0,a. c,Extraction d'huile d'olive ,0,0,0,1,0,1,0,0
CCPB,T0312,KADDOUR TARAK,Kef,inconnu,inconnu,21167358,0,0,a,blé dur ,3,1,0,1,0,0,0,0
CCPB,T0312,KADDOUR TARAK,Kef,inconnu,inconnu,21167358,0,0,a,avoin,61.437,0,0,1,0,0,0,0
CCPB,T0312,KADDOUR TARAK,Kef,inconnu,inconnu,21167358,0,0,a,lin,1.2,0,0.05,1,0,0,0,0
CCPB,T0312,KADDOUR TARAK,Kef,inconnu,inconnu,21167358,0,0,a,avoine nu,0.4,0,0,1,0,0,0,0
CCPB,T0312,KADDOUR TARAK,Kef,inconnu,inconnu,21167358,0,0,a,lentille,0.8,0,0,1,0,0,0,0
CCPB,T0312,KADDOUR TARAK,Kef,inconnu,inconnu,21167358,0,0,a,Jachére,73.7,0,0,1,0,0,0,0
CCPB,T0318,SOCIETE HUILERIE BEN SALAH FRERES SARL,Mahdia,inconnu,inconnu,98276484,0,0,a. c,Olivier à huile,483.41,21,309.84,1,0,1,0,0
CCPB,T0318,SOCIETE HUILERIE BEN SALAH FRERES SARL,Mahdia,inconnu,inconnu,98276484,0,0,a. c,Extraction d'huile d'olive ,0,0,0,1,0,1,0,0
CCPB,T0322,ABDELHAKIM REZGUI,Tozeur,inconnu,inconnu,98563933,0,0,a,Datte,16,1,159,1,0,0,0,0
CCPB,T0323,STE GREEN FRUITS,Kebili,inconnu,inconnu,75491884,0,0, c,Transformation et conditionnement (sirop. confiture. poudre. pâte) des dattes biologiques,0,1,0,0,0,1,0,0
CCPB,T0397,TERRANOVA,Beja,inconnu,inconnu,98743826,70148653,70148689,a.b,Olivier à huile,6.5,1,0.02,1,1,0,0,0
CCPB,T0397,TERRANOVA,Beja,inconnu,inconnu,98743826,70148653,70148689,a.b,Amandiers,9,0,0,1,1,0,0,0
CCPB,T0398,SOCIETE OLEICOLE NAFFATIA,Mahdia,inconnu,inconnu,92393393,0,0,a.c,Olivier à huile,910.54000000000008,54,1094.5,1,0,1,0,0
CCPB,T0398,SOCIETE OLEICOLE NAFFATIA,Sfax,inconnu,inconnu,92393393,0,0,a.c,Olivier à huile,229.3,7,306.9,1,0,1,0,0
CCPB,T0398,SOCIETE OLEICOLE NAFFATIA,Zaghouan,inconnu,inconnu,92393393,0,0,a.c,Olivier à huile,168.41,1,64.4,1,0,1,0,0
CCPB,T0398,SOCIETE OLEICOLE NAFFATIA,Mahdia,inconnu,inconnu,92393393,0,0,a. c,Extraction d'huile d'olive ,0,0,0,1,0,1,0,0
CCPB,T0399,SOCIETE HUILERIE EL MANSOUR,Monastir,inconnu,inconnu,53707506,0,0,a.c,Olivier à huile ,343.336,28,712.19,1,0,1,0,0
CCPB,T0399,SOCIETE HUILERIE EL MANSOUR,Sousse,inconnu,inconnu,53707506,0,0,a.c,Olivier à huile ,110,6,0,1,0,1,0,0
CCPB,T0399,SOCIETE HUILERIE EL MANSOUR,Monastir,inconnu,inconnu,53707506,0,0,a.c,Extraction d'huile d'olive,0,0,0,1,0,1,0,0
CCPB,T0400,GAIA:FERME THERAPEUTIQUE SIDI THABET,Ariana,inconnu,inconnu,20330897,0,0,a.c,Olivier a huile.Avoine,1.5,1,O=2.6T,1,0,1,0,0
CCPB,T0400,GAIA:FERME THERAPEUTIQUE SIDI THABET,Ariana,inconnu,inconnu,20330897,0,0,a.c,Olivier a huile.Figuiers. Muriers. Avoine,1,0,O=7.48T,1,0,1,0,0
CCPB,T0400,GAIA:FERME THERAPEUTIQUE SIDI THABET,Ariana,inconnu,inconnu,20330897,0,0,a.c,Olivier a huile. Amandiers. Avoine,1,0,O=0.6T,1,0,1,0,0
CCPB,T0400,GAIA:FERME THERAPEUTIQUE SIDI THABET,Ariana,inconnu,inconnu,20330897,0,0,a.c,Arbres Fruitiers (Oliviers/ Amandiers/ Figuiers/ Pruniers/ Granadiers/ Pommiers/ Bigaradiers/ Muriers/ Raisins)Jujubiers. Lauriers sauce. verveine,0.02,0,0.7,1,0,1,0,0
CCPB,T0400,GAIA:FERME THERAPEUTIQUE SIDI THABET,Ariana,inconnu,inconnu,20330897,0,0,a.c,Oignon,0.002,0,0.01,1,0,1,0,0
CCPB,T0400,GAIA:FERME THERAPEUTIQUE SIDI THABET,Ariana,inconnu,inconnu,20330897,0,0,a.c,Jachére ,0.82,0,0,1,0,1,0,0
CCPB,T0400,GAIA:FERME THERAPEUTIQUE SIDI THABET,Ariana,inconnu,inconnu,20330897,0,0,a.c,Pépiniére,0.132,0,0,1,0,1,0,0
CCPB,T0400,GAIA:FERME THERAPEUTIQUE SIDI THABET,Ariana,inconnu,inconnu,20330897,0,0,a.c,Géranium,0.013,0,0.31,1,0,1,0,0
CCPB,T0400,GAIA:FERME THERAPEUTIQUE SIDI THABET,Ariana,inconnu,inconnu,20330897,0,0,a.c,Bassin(verveine.grenadier. géranium. églantier),0.4,0,0,1,0,1,0,0
CCPB,T0400,GAIA:FERME THERAPEUTIQUE SIDI THABET,Ariana,inconnu,inconnu,20330897,0,0,a.c,Rosiers+Romarins+Lauriers+Plantes exotiques+Figuiers+Raisins+Grenadiers+Pin d'alep+Peche,0.02,0,0,1,0,1,0,0
CCPB,T0400,GAIA:FERME THERAPEUTIQUE SIDI THABET,Ariana,inconnu,inconnu,20330897,0,0,a.c,Rosiers,0.3,0,0,1,0,1,0,0
CCPB,T0400,GAIA:FERME THERAPEUTIQUE SIDI THABET,Ariana,inconnu,inconnu,20330897,0,0,a.c,Figuiers. Ail,0.25,0,0.1,1,0,1,0,0
CCPB,T0400,GAIA:FERME THERAPEUTIQUE SIDI THABET,Ariana,inconnu,inconnu,20330897,0,0,a.c,Transformation( Harissa. confiture citron. confiture .d'abricots confiture de pamolemousse .confiture d'oranges amères.sauce tomate),0,0,0,1,0,1,0,0
CCPB,T0404,SOCIÉTÉ ZARDOUB AGRICOLE,Sousse,inconnu,inconnu,98291661,0,0,a.c,Olivier à huile,378.5,10,213.4,1,0,1,0,0
CCPB,T0404,SOCIÉTÉ ZARDOUB AGRICOLE,Sousse,inconnu,inconnu,98291661,0,0,a.c,Arbres fruitiers (Amandier. figuier. grenadier),13.8,0,7,1,0,1,0,0
CCPB,T0404,SOCIÉTÉ ZARDOUB AGRICOLE,Sousse,inconnu,inconnu,98291661,0,0,a.c,Figue de barbarie  ,4,0,2.2,1,0,1,0,0
CCPB,T0404,SOCIÉTÉ ZARDOUB AGRICOLE,Sousse,inconnu,inconnu,98291661,0,0,a.c,Olivier de table ,3,0,6.5,1,0,1,0,0
CCPB,T0404,SOCIÉTÉ ZARDOUB AGRICOLE,Sousse,inconnu,inconnu,98291661,0,0,a.c,Rosiers ,2,0,0,1,0,1,0,0
CCPB,T0404,SOCIÉTÉ ZARDOUB AGRICOLE,Sousse,inconnu,inconnu,98291661,0,0,a.c,Jachère,0.7,0,0,1,0,1,0,0
CCPB,T0404,SOCIÉTÉ ZARDOUB AGRICOLE,Sousse,inconnu,inconnu,98291661,0,0,a.c,Extraction d'huile d'olive ,0,0,0,1,0,1,0,0
CCPB,T0413,SMVDA ERRISSALA,Ben Arous,inconnu,inconnu,71384920,0,0,a.c,Olivier à huile/ huiel d'olive,247,1,75.8,1,0,1,0,0
CCPB,T0413,SMVDA ERRISSALA,Ben Arous,inconnu,inconnu,71384920,0,0,a.c,Olivier de table,16,0,0,1,0,1,0,0
CCPB,T0421,SOCIETE HUILERIE YOUSSEF,Mahdia,inconnu,inconnu,98733221,0,0,a.c,Olivier à huile,1845.94,44,1881.4,1,0,1,0,0
CCPB,T0421,SOCIETE HUILERIE YOUSSEF,Mahdia,inconnu,inconnu,98733221,0,0,a.c,Jachère,0.5,0,0,1,0,1,0,0
CCPB,T0421,SOCIETE HUILERIE YOUSSEF,Mahdia,inconnu,inconnu,98733221,0,0,a.c,Extraction d'huile d'olive ,0,0,0,1,0,1,0,0
CCPB,T0423,"SOCIETE HUILERIE AYADI ET FAMILLE ""SOHAF""",Kairouan,inconnu,inconnu,24532852,0,0,a.c,Olivier à huile,1049.59,73,7372.65,1,0,1,0,0
CCPB,T0423,"SOCIETE HUILERIE AYADI ET FAMILLE ""SOHAF""",Kairouan,inconnu,inconnu,24532852,0,0,a.c,Amandier,21.28,0,133,1,0,1,0,0
CCPB,T0423,"SOCIETE HUILERIE AYADI ET FAMILLE ""SOHAF""",Kairouan,inconnu,inconnu,24532852,0,0,a.c,Agrume ,2,0,2,1,0,1,0,0
CCPB,T0423,"SOCIETE HUILERIE AYADI ET FAMILLE ""SOHAF""",Kairouan,inconnu,inconnu,24532852,0,0,a.c,Figuier,1,0,2,1,0,1,0,0
CCPB,T0423,"SOCIETE HUILERIE AYADI ET FAMILLE ""SOHAF""",Kairouan,inconnu,inconnu,24532852,0,0,a.c,Extraction d'huile d'olive ,0,0,0,1,0,1,0,0
CCPB,T0431,"SOCIETE HUILERIE AYADI ET FAMILLE ""SOHAF""",Sousse,inconnu,inconnu,95729820,0,0,a,plante PAM,12,1,0,1,0,0,0,0
CCPB,T0431,"SOCIETE HUILERIE AYADI ET FAMILLE ""SOHAF""",Sousse,inconnu,inconnu,95729820,0,0,a,olive à huile,49,0,0,1,0,0,0,0
CCPB,T0431,"SOCIETE HUILERIE AYADI ET FAMILLE ""SOHAF""",Sousse,inconnu,inconnu,95729820,0,0,a,pois chiche,8,0,1.2,1,0,0,0,0
CCPB,T0431,"SOCIETE HUILERIE AYADI ET FAMILLE ""SOHAF""",Sousse,inconnu,inconnu,95729820,0,0,a,blé dur,165,0,240,1,0,0,0,0
CCPB,T0431,"SOCIETE HUILERIE AYADI ET FAMILLE ""SOHAF""",Sousse,inconnu,inconnu,95729820,0,0,a,blé tendre,28,0,42,1,0,0,0,0
CCPB,T0431,"SOCIETE HUILERIE AYADI ET FAMILLE ""SOHAF""",Sousse,inconnu,inconnu,95729820,0,0,a,Orge,11,0,15,1,0,0,0,0
CCPB,T0431,"SOCIETE HUILERIE AYADI ET FAMILLE ""SOHAF""",Sousse,inconnu,inconnu,95729820,0,0,a,Avoine,8,0,16,1,0,0,0,0
CCPB,T0431,"SOCIETE HUILERIE AYADI ET FAMILLE ""SOHAF""",Sousse,inconnu,inconnu,95729820,0,0,a,Jachère,23,0,0,1,0,0,0,0
CCPB,T0442,SOCIETE EMERAUDE ,Mednine,inconnu,inconnu,98433695,0,0,a.c,Olivier à huile,83,1,280,1,0,1,0,0
CCPB,T0442,SOCIETE EMERAUDE ,Mednine,inconnu,inconnu,98433695,0,0,a.c,Extraction de l'huile d'olive biologique,0,0,0,1,0,1,0,0
CCPB,T0444,SOCIETE MODERNE D'HUILE D'OLIVE ENNOUR,Mahdia,inconnu,inconnu,98408277,0,0,a.c,Olivier à huile,152.37,28,750,1,0,1,0,0
CCPB,T0444,SOCIETE MODERNE D'HUILE D'OLIVE ENNOUR,Sfax,inconnu,inconnu,98408277,0,0,a.c,Olivier à huile,503.59,19,530.45499999999993,1,0,1,0,0
CCPB,T0444,SOCIETE MODERNE D'HUILE D'OLIVE ENNOUR,Mahdia,inconnu,inconnu,98408277,0,0,a.c,Extraction de l'huile d'olive biologique,0,0,0,1,0,1,0,0
CCPB,T0445,SOCIETE HUILERIE BOUKER,Mahdia,inconnu,inconnu,98408277,0,0,a.c,Olivier à huile,349.7,18,505.3,1,0,1,0,0
CCPB,T0445,SOCIETE HUILERIE BOUKER,Bizerte ,inconnu,inconnu,98408277,0,0,a.c,Olivier à huile,262,6,1095.05,1,0,1,0,0
CCPB,T0445,SOCIETE HUILERIE BOUKER,Gafsa,inconnu,inconnu,98408277,0,0,a.c,Olivier à huile,638,29,3055.2,1,0,1,0,0
CCPB,T0445,SOCIETE HUILERIE BOUKER,Zaghouan,inconnu,inconnu,98408277,0,0,a.c,Olivier à huile,49,1,127,1,0,1,0,0
CCPB,T0445,SOCIETE HUILERIE BOUKER,Mahdia,inconnu,inconnu,98408277,0,0,a.c,Extraction de l'huile d'olive biologique,0,0,0,1,0,1,0,0
CCPB,T0446,SOCIETE HUILERIE HAJ FRAJ,Mahdia,inconnu,inconnu,24113324,0,0,a.c,Olivier à huile ,671.3,34,999.16,1,0,1,0,0
CCPB,T0446,SOCIETE HUILERIE HAJ FRAJ,Mahdia,inconnu,inconnu,24113324,0,0,a.c,Extraction de l'huile d'olive biologique,0,0,0,1,0,1,0,0
CCPB,T0447,SOCIETE HUILERIE AYADI FRERES,Kairouan,inconnu,inconnu,97347708,0,0,a.c,Olivier à huile ,1156.54,75,5276.7,1,0,1,0,0
CCPB,T0447,SOCIETE HUILERIE AYADI FRERES,Kairouan,inconnu,inconnu,97347708,0,0,a.c,Extraction de l'huile d'olive biologique,0,0,0,1,0,1,0,0
CCPB,T0458,SOCIETE HUILERIE BEN AMOR EL WIFEK,Monastir,inconnu,inconnu,98178064,0,0,a.c,Olivier à huile ,0,35,0,1,0,1,0,0
CCPB,T0458,SOCIETE HUILERIE BEN AMOR EL WIFEK,Mahdia,inconnu,inconnu,98178064,0,0,a.c,Olivier à huile ,297.25,0,384.60000000000008,1,0,1,0,0
CCPB,T0458,SOCIETE HUILERIE BEN AMOR EL WIFEK,Sfax,inconnu,inconnu,98178064,0,0,a.c,Olivier à huile ,20.4,0,959.3,1,0,1,0,0
CCPB,T0458,SOCIETE HUILERIE BEN AMOR EL WIFEK,Sfax,inconnu,inconnu,98178064,0,0,a.c,Arbres fruitiers mixtes,0,0,0,1,0,1,0,0
CCPB,T0458,SOCIETE HUILERIE BEN AMOR EL WIFEK,Monastir,inconnu,inconnu,98178064,0,0,a.c,Extraction de l'huile d'olive biologique,0,0,0,1,0,1,0,0
CCPB,T0459,UCPA LOUBIRA,Beja,inconnu,inconnu,98178064,0,0,a,Olivier de table,18,1,69.23,1,0,0,0,0
CCPB,T0459,UCPA LOUBIRA,Beja,inconnu,inconnu,98178064,0,0,a,Olivier à huile,212,0,48.95,1,0,0,0,0
CCPB,T0463,BIOZELFEN,Kasserine,inconnu,inconnu,54058506,97254572,0,a.c,Oliviers à huile,3,0,1,1,0,1,0,0
CCPB,T0463,BIOZELFEN,Kasserine,inconnu,inconnu,54058506,97254572,0,a.c,Arbres fruitiers,2,1,0,1,0,1,0,0
CCPB,T0463,BIOZELFEN,Kasserine,inconnu,inconnu,54058506,97254572,0,a.c,Figue de Barbarie,64,0,180,1,0,1,0,0
CCPB,T0463,BIOZELFEN,Kasserine,inconnu,inconnu,54058506,97254572,0,a.c,Extraction d'huile de pépins de figue de barbarie,0,0,0,1,0,1,0,0
CCPB,T0464,CACTUS ROYAL,Kasserine,inconnu,inconnu,55747125,0,0,a.c,Figue de Barbarie,105,0,210,1,0,1,0,0
CCPB,T0464,CACTUS ROYAL,Kasserine,inconnu,inconnu,55747125,0,0,a.c,Extraction d'huile de pépins de figue de barbarie,0,1,0,1,0,1,0,0
CCPB,T0467,SO.BO.P.A (SOCIETE BOUAJILA DE PRODUCTION AGRICOLE,Kebili,inconnu,inconnu,75490809,93798223,75493025,a.c,Datte,68.2,7,480.1,1,0,1,0,0
CCPB,T0467,SO.BO.P.A (SOCIETE BOUAJILA DE PRODUCTION AGRICOLE,Kebili,inconnu,inconnu,75490809,93798223,75493025,a.c,Divers Cultures,0.3,0,0.1,1,0,1,0,0
CCPB,T0467,SO.BO.P.A (SOCIETE BOUAJILA DE PRODUCTION AGRICOLE,Kebili,inconnu,inconnu,75490809,93798223,75493025,a.c,Conditionnement de dattes,0,0,0,1,0,1,0,0
CCPB,T0470,"SOCIETE HUILERIE FRERES AMARI ""EL BARAKA""",Kairouan,inconnu,inconnu,99703888,0,0,a.c,Extraction de l'huile d'olive biologique,0,0,0,1,0,1,0,0
CCPB,T0470,"SOCIETE HUILERIE FRERES AMARI ""EL BARAKA""",Kairouan,inconnu,inconnu,98513637,0,0,a.c,Olivier à huile,815.71,58,2124.5,1,0,1,0,0
CCPB,T0471,STE HUILERIE AMEN,Mahdia,inconnu,inconnu,98565248,0,0,a.c,Olivier à Huile ,1297.35,52,967.1,1,0,1,0,0
CCPB,T0471,STE HUILERIE AMEN,Mahdia,inconnu,inconnu,98565248,0,0,a.c,Extraction de l'huile d'olive biologique,0,0,0,1,0,1,0,0
CCPB,T0473,HUILERIE AHMED JALLOULI,Mahdia,inconnu,inconnu,98210863,0,0,a.c,Olivier à huile,971.75200000000007,16,710.15,1,0,1,0,0
CCPB,T0473,HUILERIE AHMED JALLOULI,Mahdia,inconnu,inconnu,98210863,0,0,a.c,Terrains incultes,75,0,0,1,0,1,0,0
CCPB,T0473,HUILERIE AHMED JALLOULI,Mahdia,inconnu,inconnu,98210863,0,0,a.c,Divers cultures annuelles ,0.715,0,2,1,0,1,0,0
CCPB,T0473,HUILERIE AHMED JALLOULI,Mahdia,inconnu,inconnu,98210863,0,0,a.c,Amandiers,13,0,5.5,1,0,1,0,0
CCPB,T0473,HUILERIE AHMED JALLOULI,Mahdia,inconnu,inconnu,98210863,0,0,a.c,Extraction de l'huile d'olive biologique,0,0,0,1,0,1,0,0
CCPB,T0474,HUILERIE OULED ACHOUR,Kairouan,inconnu,inconnu,20051555,0,0,a.c,Extraction de l'huile d'olive biologique,2435.68,0,1429,1,0,1,0,0
CCPB,T0474,HUILERIE OULED ACHOUR,Kasserine,inconnu,inconnu,20051555,0,0,a.c,Olivier à huile,469.45999999999981,75,2027.0629999999981,1,0,1,0,0
CCPB,T0474,HUILERIE OULED ACHOUR,Kasserine,inconnu,inconnu,20051555,0,0,a.c,Arbres Fruitiers Mixtes (Amendiers. Pistachiers. Abricotiers),18.78,0,136.6,1,0,1,0,0
CCPB,T0474,HUILERIE OULED ACHOUR,Mahdia,inconnu,inconnu,0,0,0,a.c,Olivier à huile,403.5,0,710.2,1,0,1,0,0
CCPB,T0474,HUILERIE OULED ACHOUR,Sidi Bouzid,inconnu,inconnu,20051555,0,0,a.c,Olivier à huile,549.88,0,2066.827,1,0,1,0,0
CCPB,T0474,HUILERIE OULED ACHOUR,Kairouan,inconnu,inconnu,20051555,0,0,a.c,Olivier à huile,994.06,0,4217.31,1,0,1,0,0
CCPB,T0476,UCPA AYADH ,Beja,inconnu,inconnu,95702390,0,0,a,Olivier à huile /Olivier à table,137,0,78.265,1,0,0,0,0
CCPB,T0476,UCPA AYADH ,Beja,inconnu,inconnu,95702390,0,0,a,Olivier à huile,21,0,0,1,0,0,0,0
CCPB,T0481,STE OLIVER DES HUILES EXTRA,Kairouan,inconnu,inconnu,98578761,0,0,a.c,Extraction de l'huile d'olive biologique,0,0,0,1,0,1,0,0
CCPB,T0481,STE OLIVER DES HUILES EXTRA,Kairouan,inconnu,inconnu,98578761,0,0,a.c,Olivier à huile ,957.926,45,4072.5,1,0,1,0,0
CCPB,T0483,BIOSCA TAMARA,Tozeur,inconnu,inconnu,76430233,0,76432623,a.c,Datte,94.5,25,384.5,1,0,1,0,0
CCPB,T0483,BIOSCA TAMARA,Tozeur,inconnu,inconnu,76430233,0,76432623,a.c,Conditionnement des dattes,0,0,0,1,0,1,0,0
CCPB,T0486,"STE TUNISIENNE D'HUILE SUPER ""S.T.H.S""",Mahdia,inconnu,inconnu,27949954,50414516,0,a.c,Oliviers à huile ,71.02,30,220,1,0,1,0,0
CCPB,T0486,"STE TUNISIENNE D'HUILE SUPER ""S.T.H.S""",Mahdia,inconnu,inconnu,27949954,50414516,0,a.c,Extraction de l'huile d'olive biologique,0,0,0,1,0,1,0,0
CCPB,T0487,GDA AIN BABOUCH,Kef,inconnu,inconnu,25543101,0,0,a.c,PAM(Menthe poliot.Romarin. Tyhm.Armoise blanche.Fenouil sauvage. Absinthe. Genevrier. Cleome d'arabie. Lentisque Pistachier?Thym algériensis),300,1,R=021. T=0.2. G=0.5. PAM=1.5,1,0,1,0,0
CCPB,T0487,GDA AIN BABOUCH,Kef,inconnu,inconnu,25543101,0,0,a.c,PAM( Pituvarnos.Romarin. Tyhm),250,0,0.5,1,0,1,0,0
CCPB,T0487,GDA AIN BABOUCH,Kef,inconnu,inconnu,25543101,0,0,a.c,Extraction et distillation des huiles essentielles,0,0,0,1,0,1,0,0
CCPB,T0494,UCPA METHLINE,Bizerte,inconnu,inconnu,98554981,0,0,a,Olivier à huile,44,1,105,1,0,0,0,0
CCPB,T0494,UCPA METHLINE,Bizerte,inconnu,inconnu,98554981,0,0,a,Olives de table,6,0,46,1,0,0,0,0
CCPB,T0495,SKAYA,Kasserine,inconnu,inconnu,99327397,0,0,a. c,Amandiers,0.7,2,0.8,1,0,1,0,0
CCPB,T0495,SKAYA,Kasserine,inconnu,inconnu,99327397,0,0,a. c,Pistachiers,0.2,0,0.2,1,0,1,0,0
CCPB,T0495,SKAYA,Sfax,inconnu,inconnu,99327397,0,0,a. c,Transformation: Pistache Coque. Amande décortiqué.Pistache grillé saléé),0,0,0,1,0,1,0,0
CCPB,T0496,HUILERIE NAJIB HAMZA,Mahdia,inconnu,inconnu,54244015,0,0,a.c,Oliviers à huile,196.98,11,202.33,1,0,1,0,0
CCPB,T0496,HUILERIE NAJIB HAMZA,Mahdia,inconnu,inconnu,54244015,0,0,a.c,Extraction de l'huile d'olive biologique,0,0,0,1,0,1,0,0
CCPB,T0499,SOCIETE HUILERIE OULED HAJ SALAH,Kairouan,inconnu,inconnu,98294817,0,0,a.c,Oliviers à huile,443.95,21,0,1,0,1,0,0
CCPB,T0499,SOCIETE HUILERIE OULED HAJ SALAH,Kairouan,inconnu,inconnu,98294817,0,0,a.c,Extraction de l'huile d'olive biologique,0,0,0,1,0,1,0,0
CCPB,T0501,HUILERIE ESSAADA,Kairouan,inconnu,inconnu,98236159,0,0,a.c,Oliviers à huile,836.485,52,4487,1,0,1,0,0
CCPB,T0501,HUILERIE ESSAADA,Kairouan,inconnu,inconnu,98236159,0,0,a.c,Extraction de l'huile d'olive biologique,0,0,0,1,0,1,0,0
CCPB,T0502,SOCIETE HUILERIE BEN CHAABEN D'HUILE EXTRA,Kairouan,inconnu,inconnu,98284042,0,0,a.c,Oliviers à huile,1376.51,109,6381.745,1,0,1,0,0
CCPB,T0502,SOCIETE HUILERIE BEN CHAABEN D'HUILE EXTRA,Kairouan,inconnu,inconnu,98284042,0,0,a.c,Extraction de l'huile d'olive biologique,0,0,0,1,0,1,0,0
CCPB,T0505,SUDATTE,Kebili,inconnu,inconnu,23233130,0,0,a.c,Datte,18.67,3,169.9,1,0,1,0,0
CCPB,T0505,SUDATTE,Kebili,inconnu,inconnu,23233130,0,0,a.c,Conditionnement des dattes,0,0,DB=50T. DS=25T. DV=25T,1,0,1,0,0
CCPB,T0507,SOCIETE HUILERIE ESSAADA,Kairouan,inconnu,inconnu,98284029,0,0,a.c,Oliviers à huile,249.4,39,2308.5,1,0,1,0,0
CCPB,T0507,SOCIETE HUILERIE ESSAADA,Siliana,inconnu,inconnu,98284029,0,0,a.c,Oliviers à huile,141.8,0,680,1,0,1,0,0
CCPB,T0507,SOCIETE HUILERIE ESSAADA,Kasserine,inconnu,inconnu,0,0,0,a.c,Oliviers à huile,60,0,450,1,0,1,0,0
CCPB,T0507,SOCIETE HUILERIE ESSAADA,Kairouan,inconnu,inconnu,98284029,0,0,a.c,Extraction de l'huile d'olive biologique,0,0,0,1,0,1,0,0
CCPB,T0508,SOCIETE ONS PRODUCTION D'HUILES D'OLIVES,Kairouan,inconnu,inconnu,97077920,0,0,a.c,Oliviers à huile,328.13,34,1520,1,0,1,0,0
CCPB,T0508,SOCIETE ONS PRODUCTION D'HUILES D'OLIVES,Kairouan,inconnu,inconnu,97077920,0,0,a.c,Extraction de l'huile d'olive biologique,0,0,0,1,0,1,0,0
CCPB,T0514,SOCIETE SELIM D'EXPLOITATION,Kairouan,inconnu,inconnu,97822303,0,0,a.c,Oliviers à huile,553.57,46,1170,1,0,1,0,0
CCPB,T0514,SOCIETE SELIM D'EXPLOITATION,Mahdia,inconnu,inconnu,97822303,0,0,a.c,Oliviers à huile,117.38,0,104,1,0,1,0,0
CCPB,T0514,SOCIETE SELIM D'EXPLOITATION,Sfax,inconnu,inconnu,97822303,0,0,a.c,Oliviers à huile,150.99,0,247.2,1,0,1,0,0
CCPB,T0514,SOCIETE SELIM D'EXPLOITATION,Kairouan,inconnu,inconnu,97822303,0,0,a.c,Extraction de l'huile d'olive biologique,0,0,0,1,0,1,0,0
CCPB,T0516,GDA DMAYEN,Beja,inconnu,inconnu,98247555,0,0,b,Apiculture,0,0,0,0,1,0,0,0
CCPB,T0518,SMBSA El Faouz,Mahdia,inconnu,inconnu,22949170,0,0,a.c,Extraction de l'huile d'olive biologique,0,0,0,1,0,1,0,0
CCPB,T0518,SMBSA El Faouz,Mahdia,inconnu,inconnu,22949170,0,0,a.c,Oliviers à huile,714.842,33,403,1,0,1,0,0
CCPB,T0522,HUILERIE MUSTAPHA MTIRAOUI,Kairouan,inconnu,inconnu,98627667,0,0,a.c,Oliviers à huile,1192.5,34,6281.5,1,0,1,0,0
CCPB,T0522,HUILERIE MUSTAPHA MTIRAOUI,Sidi Bouzid,inconnu,inconnu,98627667,0,0,a.c,Oliviers à huile,85.3,0,385,1,0,1,0,0
CCPB,T0522,HUILERIE MUSTAPHA MTIRAOUI,Sfax,inconnu,inconnu,98627667,0,0,a.c,Oliviers à huile,288.9,0,880,1,0,1,0,0
CCPB,T0522,HUILERIE MUSTAPHA MTIRAOUI,Kairouan,inconnu,inconnu,98627667,0,0,a.c,Extraction de l'huile d'olive biologique,0,0,0,1,0,1,0,0
CCPB,T0523,CARTHAGENIA,Zaghouan,inconnu,inconnu,28304228,0,71983063,a.c,Oliviers à huile,45.93,1,0.5,1,0,1,0,0
CCPB,T0523,CARTHAGENIA,Zaghouan,inconnu,inconnu,28304228,0,71983063,a.c,PAM,15.87,0,Thym=0.25T / Romarin=0.5T,1,0,1,0,0
CCPB,T0523,CARTHAGENIA,Zaghouan,inconnu,inconnu,28304228,0,71983063,a.c,Jachére,19.21,0,0,1,0,1,0,0
CCPB,T0523,CARTHAGENIA,Zaghouan,inconnu,inconnu,28304228,0,71983063,a.c,Amande,2,0,0.15,1,0,1,0,0
CCPB,T0523,CARTHAGENIA,Zaghouan,inconnu,inconnu,28304228,0,0,a.c,Extraction de l'huile d'olive biologique et conditionnement des olives en saumures et de thym/Romarin séché. prépartion de : Harissa. Pate d'olive. cumin. fenouil. coriandre,0,0,0,1,0,1,0,0
CCPB,T0527,SELT MARINE GROUP,Ben Arous,inconnu,inconnu,71387360,0,0,c.f,Production agar_Agar,0,1,0,0,0,1,0,1
CCPB,T0530,FETHI MIRI,Zaghouan,inconnu,inconnu,97376789,0,0,a,Oliviers à huile,16,1,43.2,1,0,0,0,0
CCPB,T0530,FETHI MIRI,Zaghouan,inconnu,inconnu,97376789,0,0,a,Amandiers,10,0,0,1,0,0,0,0
CCPB,T0531,BOUJEMAA REMILI,Siliana,inconnu,inconnu,97800550,54458550,0,a,Olivier à huile,15.33,1,23T,1,0,0,0,0
CCPB,T0531,BOUJEMAA REMILI,Siliana,inconnu,inconnu,97800550,54458550,0,a,Coriandre.Piment. Ognion. Petit pois. courgette. courge. Persil. épinard. Fenouil. Radis. coraindre. Tomates. Laitue romaine. carottes.Menthe.Melon. pastéque. ail.Féve. concombre ,0.2,0, c=0.7T  M=0.2T  c=0.15 T=1.6 P=0.02 M=0.01 P=0.550,1,0,0,0,0
CCPB,T0531,BOUJEMAA REMILI,Siliana,inconnu,inconnu,97800550,54458550,0,a,Arbres fruitiers (Cerisiers/ Amandiers/ Figuiers/ Citroniers.Coin),0.6,0,0,1,0,0,0,0
CCPB,T0531,BOUJEMAA REMILI,Siliana,inconnu,inconnu,97800550,54458550,0,a,Foret(Romarin. Camomille. Olivier sauvage. Lentisque. Pin d'alep),0.1,0,H=10.56,1,0,0,0,0
CCPB,T0531,BOUJEMAA REMILI,Siliana,inconnu,inconnu,0,0,0,a,Jachére ,13.09,0,0,1,0,0,0,0
CCPB,T0535,STE JABALLAH ZITOUNA ,Sousse,inconnu,inconnu,26544444,0,52924444,a.c,Olivier à huile,559.9,59,5460.1,1,0,1,0,0
CCPB,T0535,STE JABALLAH ZITOUNA ,Sousse,inconnu,inconnu,26544444,0,52924444,a.c,Grenadier,2,0,5,1,0,1,0,0
CCPB,T0535,STE JABALLAH ZITOUNA ,Siliana,inconnu,inconnu,26544444,0,52924444,a.c,Olivier à huile,666.34,0,971.895,1,0,1,0,0
CCPB,T0535,STE JABBALAH ZITOUNA ,Sousse,inconnu,inconnu,26544444,0,52924444,a.c,Extraction de l'huile d'olive biologique,0,0,0,1,0,1,0,0
CCPB,T0536,SELT,Bizerte,inconnu,inconnu,71190187,0,0,c.f,Algue,11.6,0,8.94,0,0,1,0,1
CCPB,T0536,SELT,Bizerte,inconnu,inconnu,71190187,0,0,c.f,Séchage  Algue(algue séchée Gracilaria Verrucosa),0,1,0,0,0,1,0,1
CCPB,T0538, MISSAOUI ZINE EL ABIDINE,Kasserine,inconnu,inconnu,27504780,0,0,a,Grenadier,0.1,0,0.05,1,0,0,0,0
CCPB,T0538, MISSAOUI ZINE EL ABIDINE,Kasserine,inconnu,inconnu,27504780,0,0,a,Olivier,91.8,0,230,1,0,0,0,0
CCPB,T0538, MISSAOUI ZINE EL ABIDINE,Kasserine,inconnu,inconnu,27504780,0,0,a,Figuier,0.1,0,0.07,1,0,0,0,0
CCPB,T0541,SOCIETE HUILERIE EL WIFAK,Kairouan,inconnu,inconnu,98455723,0,0,a.c,Olivier à huile ,110.44,10,856.56,1,0,1,0,0
CCPB,T0541,SOCIETE HUILERIE EL WIFAK,Kairouan,inconnu,inconnu,0,0,0,a.c,Amandier,10.6,0,0,1,0,1,0,0
CCPB,T0541,SOCIETE HUILERIE EL WIFAK,Kairouan,inconnu,inconnu,98455723,0,0,a.c,Extraction de l'huile d'olive biologique,0,0,0,1,0,1,0,0
CCPB,T0545,STE SAHOUDA DATTES (SARL),Tozeur,inconnu,inconnu,98577827,0,0,a,Datte,22.3,0,118.4,1,0,0,0,0
CCPB,T0546,HUILERIE HEDI SALEM,Mahdia,inconnu,inconnu,99544349,0,0,a.c,Olivier à huile ,504.969,20,423.86,1,0,1,0,0
CCPB,T0546,HUILERIE HEDI SALEM,Mahdia,inconnu,inconnu,99544349,0,0,a.c,Extraction de l'huile d'olive biologique,0,0,0,1,0,1,0,0
CCPB,T0548,CONTROL MED,Ariana,inconnu,inconnu,52626400,0,0,a,Agrumes(Citronnier. Mandarine. Pamplemoussiers.orange.bigaradier)+6 Pieds Figuiers,1.536,1,1.3,1,0,0,0,0
CCPB,T0548,CONTROL MED,Ariana,inconnu,inconnu,52626400,0,0,a,Olivier,0.115,0,0.025,1,0,0,0,0
CCPB,T0548,CONTROL MED,Ariana,inconnu,inconnu,52626400,0,0,a,Rosiers. abres fruitié (prunier.amandier.cerisier.poirier.pommier.romamin.thomson.maltaise.grenadier.pecher),0.132,0,0.3,1,0,0,0,0
CCPB,T0549,SOCIETE VIARAYA,Bizerte,inconnu,inconnu,55010014,0,0,c,conditionnementet export  de l'huile d'olive biologique,0,1,0,0,0,1,0,0
CCPB,T0552,SOCIETE NAFTA DATTE ,Tozeur,inconnu,inconnu,22840252,0,0,a.c,Datte ,69.9,22,546.1,1,0,1,0,0
CCPB,T0552,SOCIETE NAFTA DATTE ,Tozeur,inconnu,inconnu,22840252,0,0,a.c,Transformation des dattes biologique,0,0,0,1,0,1,0,0
CCPB,T0557,SPIRU INVEST,Gabes,inconnu,inconnu,75337605,0,0,c.f,Spiruline,11200  m²,1,4.9,0,0,1,0,1
CCPB,T0557,SPIRU INVEST,Gabes,inconnu,inconnu,75337605,0,0,c.f,Transformation de spiruline,0,0,0,0,0,1,0,1
CCPB,T0564,STE HUILERIE ADEM,Mahdia,inconnu,inconnu,98408843,98801861,0,a.c,Olivier à huile ,505.08,35,72.021,1,0,1,0,0
CCPB,T0564,STE HUILERIE ADEM,Mahdia,inconnu,inconnu,98408843,98801861,0,a.c,Arbres Fruitiers,0.99,1,0.16,1,0,1,0,0
CCPB,T0564,STE HUILERIE ADEM,Mahdia,inconnu,inconnu,98408843,98801861,0,a.c,Amandiers,1.95,3,2.66,1,0,1,0,0
CCPB,T0564,STE HUILERIE ADEM,Mahdia,inconnu,inconnu,0,0,0,a.c,Jachère,0.43,0,0,1,0,1,0,0
CCPB,T0564,STE HUILERIE ADEM,Mahdia,inconnu,inconnu,98408843,98801861,0,a.c,Extraction de l'huile d'olive biologique,0,0,0,1,0,1,0,0
CCPB,T0569,BIOLAND,Sousse,inconnu,inconnu,29550301,24470297/52549793,0,a.c,Aloe Vera barbadensis ,20,1,10,1,0,1,0,0
CCPB,T0569,BIOLAND,Sousse,inconnu,inconnu,29550301,24470297/52549793,0,a.c,Olivier à huile ,2.5,0,0,1,0,1,0,0
CCPB,T0569,BIOLAND,Sousse,inconnu,inconnu,29550301,24470297/52549793,0,a.c,Pépinière,4,0,0,1,0,1,0,0
CCPB,T0569,BIOLAND,Sousse,inconnu,inconnu,29550301,24470297/52549793,0,a.c,Jachère,3.5,0,0,1,0,1,0,0
CCPB,T0569,BIOLAND,Sousse,inconnu,inconnu,29550301,24470297/52549793,0,a.c,Extraction de gel d'aloe vera. Compression et conditionnement de la spiruline,0,0,0,1,0,1,0,0
CCPB,T0572,STE HUILERIE NAIIRI,Kairouan,inconnu,inconnu,97644391,0,0,a.c,Olivier à huile,191.328,25,1934.9,1,0,1,0,0
CCPB,T0572,STE HUILERIE NAIIRI,Kairouan,inconnu,inconnu,97644391,0,0,a.c,Pecher,0.2,0,0,1,0,1,0,0
CCPB,T0572,STE HUILERIE NAIIRI,Kairouan,inconnu,inconnu,97644391,0,0,a.c,Extraction de l'huile d'olive biologique,0,0,0,1,0,1,0,0
CCPB,T0573,STE HUILERIE ABOUDI,Kairouan,inconnu,inconnu,22906710,0,0,a.c,Olivier à huile,330.8,23,2597,1,0,1,0,0
CCPB,T0573,STE HUILERIE ABOUDI,Kairouan,inconnu,inconnu,22906710,0,0,a.c,Extraction de l'huile d'olive biologique,0,0,0,1,0,1,0,0
CCPB,T0577,SMVDA EL FIRMA,Beja,inconnu,inconnu,22667042,0,0,a,Olivier à huile ,100.5,0,1,1,0,0,0,0
CCPB,T0577,SMVDA EL FIRMA,Beja,inconnu,inconnu,22667042,0,0,a,olivier de table,1.5,0,1,1,0,0,0,0
CCPB,T0579,SMVDA AIN SABOUN 1,Zaghouan,inconnu,inconnu,98343874,0,0,a,Olivier à huile,139.8,0,1,1,0,0,0,0
CCPB,T0579,SMVDA AIN SABOUN 1,Zaghouan,inconnu,inconnu,98 343 874,0,0,a,Jachère,0,0,0,1,0,0,0,0
CCPB,T0582,SDA HENCHIR AYED,Nabeul,inconnu,inconnu,0,0,0,a,Olivier à huile ,56,0,6,1,0,0,0,0
CCPB,T0583,HUILERIE BEN HASSINE CHOKRI,Sfax,inconnu,inconnu,98329410,0,0,a.c,Olivier à huile ,12.43,1,0,1,0,1,0,0
CCPB,T0583,HUILERIE BEN HASSINE CHOKRI,Mahdia,inconnu,inconnu,0,0,0,a.c,Amandier,6.6,0,9,1,0,1,0,0
CCPB,T0583,HUILERIE BEN HASSINE CHOKRI,Mahdia,inconnu,inconnu,98329410,0,0,a.c,Olivier à huile ,394.59,54,220.533,1,0,1,0,0
CCPB,T0583,HUILERIE BEN HASSINE CHOKRI,Mahdia,inconnu,inconnu,98329410,0,0,a.c,Extraction de l'huile d'olive biologique,0,0,51.09,1,0,1,0,0
CCPB,T0586,TUNISIAN AMERICAIN OLIVE OIL COMPANY,Kef,inconnu,inconnu,97644391,0,0,c,Extraction de l'huile d'olive biologique,0,1,0,0,0,1,0,0
CCPB,T0587,"Abdelkader Ben salem "" AL MOUBARKA""",Nabeul,inconnu,inconnu,29244787,54460320,0,a.c,Olivier à huile,5.325,1,19.3,1,0,1,0,0
CCPB,T0587,"Abdelkader Ben salem "" AL MOUBARKA""",Nabeul,inconnu,inconnu,29244787,54460320,0,a.c,Olivier et Amandier,0,0,0,1,0,1,0,0
CCPB,T0587,"Abdelkader Ben salem "" AL MOUBARKA""",Nabeul,inconnu,inconnu,29244787,54460320,0,a.c,Extraction de l'huile d'olive biologique,0,0,0,1,0,1,0,0
CCPB,T0588,SOCIETE NOPAL ZAAFRANA,Sousse,inconnu,inconnu,22583649,0,0,a.c,Transformation de figue de barbarie: Huile PF. Poudre PF. Raquette de FB. Fleurs séchées de FB et des huiles essentielles ,0,0,0,1,0,1,0,0
CCPB,T0588,SOCIETE NOPAL ZAAFRANA,Sousse,inconnu,inconnu,22583649,0,0,a.c,Olivier à huile,11,0,14.8,1,0,1,0,0
CCPB,T0588,SOCIETE NOPAL ZAAFRANA,Kairouan,inconnu,inconnu,22583649,0,0,a.c,Olivier à huile,8.8,0,0,1,0,1,0,0
CCPB,T0588,SOCIETE NOPAL ZAAFRANA,Sousse,inconnu,inconnu,22583649,0,0,a.c,Figue de Barbarie,34,4,0,1,0,1,0,0
CCPB,T0588,SOCIETE NOPAL ZAAFRANA,Kairouan,inconnu,inconnu,22583649,0,0,a.c,Figue de Barbarie,25.4,0,0,1,0,1,0,0
CCPB,T0588,SOCIETE NOPAL ZAAFRANA,Sousse,inconnu,inconnu,22583649,0,0,a.c,PAM,4.2,0,0,1,0,1,0,0
CCPB,T0588,SOCIETE NOPAL ZAAFRANA,Kairouan,inconnu,inconnu,22583649,0,0,a.c,PAM,6.4000000000000057,0,0,1,0,1,0,0
CCPB,T0588,SOCIETE NOPAL ZAAFRANA,Sousse,inconnu,inconnu,0,0,0,a.c,Olive sauvage,6.4,0,0,1,0,1,0,0
CCPB,T0588,SOCIETE NOPAL ZAAFRANA,sousse,inconnu,inconnu,22583649,0,0,a.c,Amandier,0.7,0,0,1,0,1,0,0
CCPB,T0588,SOCIETE NOPAL ZAAFRANA,Kairouan,inconnu,inconnu,22583649,0,0,a.c,Amandier,0.8,0,0,1,0,1,0,0
CCPB,T0591,STE HUILERIE GHRIGUI  FREIJ BEN HEDI,Kairouan,inconnu,inconnu,98505629,0,0,a.c,Olivier à huile ,1417.35,1,3844.9,1,0,1,0,0
CCPB,T0591,STE HUILERIE GHRIGUI  FREIJ BEN HEDI,Kairouan,inconnu,inconnu,98505629,0,0,a.c,Extraction de l'huile d'olive biologique,0,0,0,1,0,1,0,0
CCPB,T0598,HUILERIE HASSAN SELMI,Kairouan,inconnu,inconnu,97834867,0,0,a.c,Olivier à huile ,994.32,32,0,1,0,1,0,0
CCPB,T0598,HUILERIE HASSAN SELMI,Kairouan,inconnu,inconnu,97834867,0,0,a.c,Extraction de l'huile d'olive biologique,0,0,0,1,0,1,0,0
CCPB,T0602,STE HUILERIE CHAMEKH OLIVE BIO,Mahdia,inconnu,inconnu,40745039,0,0,a.c,Olivier à huile,932.94,38,2233.265,1,0,1,0,0
CCPB,T0602,STE HUILERIE CHAMEKH OLIVE BIO,Mahdia,inconnu,inconnu,40745039,0,0,a.c,Extraction de l'huile d'olive biologique,0,0,0,1,0,1,0,0
CCPB,T0603,SOMOHUILE,Kairouan,inconnu,inconnu,94069059,0,0,a.c,Amandier,10.5,0,4,1,0,1,0,0
CCPB,T0603,SOMOHUILE,Kairouan,inconnu,inconnu,94069059,0,0,a.c,Figuier,1,0,2,1,0,1,0,0
CCPB,T0603,SOMOHUILE,Kairouan,inconnu,inconnu,94069059,0,0,a.c,Olivier à huile,1605.7,12,4679.86,1,0,1,0,0
CCPB,T0603,SOMOHUILE,Siliana,inconnu,inconnu,94069059,0,0,a.c,Olivier à huile,113.5,2,554.1,1,0,1,0,0
CCPB,T0603,SOMOHUILE,Kasserine,inconnu,inconnu,94069059,0,0,a.c,Olivier à huile,41,3,492.3,1,0,1,0,0
CCPB,T0606,HUILERIE EZZDIHAR,Kairouan,inconnu,inconnu,97664932,0,0,a.c,Olivier à huile ,309.28,37,1154.5,1,0,1,0,0
CCPB,T0606,HUILERIE EZZDIHAR,Sidi Bouzid,inconnu,inconnu,0,0,0,a.c,Olivier à huile ,78.57,0,539,1,0,1,0,0
CCPB,T0606,HUILERIE EZZDIHAR,Kairouan,inconnu,inconnu,97664932,0,0,a.c,Extraction de l'huile d'olive biologique,0,0,0,1,0,1,0,0
CCPB,T0611,SOCIETE HUILERIE TIBA,Kairouan,inconnu,inconnu,28387687,0,0,a.c,Olivier à huile,491.448,45,3220.495,1,0,1,0,0
CCPB,T0611,SOCIETE HUILERIE TIBA,Jendouba,inconnu,inconnu,28387687,0,0,a.c,Olivier à huile,12,0,19.14,1,0,1,0,0
CCPB,T0611,SOCIETE HUILERIE TIBA,Kairouan,inconnu,inconnu,28387687,0,0,a.c,Extraction de l'huile d'olive biologique,0,0,0,1,0,1,0,0
CCPB,T0618,SOCIETE HUILERIE KANAA,Kairouan,inconnu,inconnu,23398344,0,0,a.c,Olivier à huile+25 Pieds Amandiers,613.24,57,3860.97,1,0,1,0,0
CCPB,T0618,SOCIETE HUILERIE KANAA,Kairouan,inconnu,inconnu,23398344,0,0,a.c,Agrume,0.1,0,0,1,0,1,0,0
CCPB,T0618,SOCIETE HUILERIE KANAA,Kairouan,inconnu,inconnu,23398344,0,0,a.c,Extraction de l'huile d'olive biologique,0,0,0,1,0,1,0,0
CCPB,T0619,SVDT SA,Nabeul,inconnu,inconnu,28376545,0,0,c,Transformation des dattes biologique,0,1,0,0,0,1,0,0
CCPB,T0621,FERME HENNA BIO (HAYET MELLTT|),Bizerte,inconnu,inconnu,98342814,97112870,0,a,Agrume,4.1,0,0.25,1,0,0,0,0
CCPB,T0621,FERME HENNA BIO (HAYET MELLTT|),Bizerte,inconnu,inconnu,98342814,97112870,0,a,Olivier à huile,16.55,0,13,1,0,0,0,0
CCPB,T0621,FERME HENNA BIO (HAYET MELLTT|),Bizerte,inconnu,inconnu,98342814,97112870,0,a,Amandier,0.6,0,0,1,0,0,0,0
CCPB,T0621,FERME HENNA BIO (HAYET MELLTT|),Bizerte,inconnu,inconnu,98342814,97112870,0,a,Grenadier,2.48,1,9,1,0,0,0,0
CCPB,T0621,FERME HENNA BIO (HAYET MELLTT|),Bizerte,inconnu,inconnu,98342814,97112870,0,a,Pommier,0.3,0,0,1,0,0,0,0
CCPB,T0621,FERME HENNA BIO (HAYET MELLTT|),Bizerte,inconnu,inconnu,98342814,97112870,0,a,Figue,0.2,0,0,1,0,0,0,0
CCPB,T0621,FERME HENNA BIO (HAYET MELLTT|),Bizerte,inconnu,inconnu,98342814,97112870,0,a,Prunier,0.3,0,1,1,0,0,0,0
CCPB,T0621,FERME HENNA BIO (HAYET MELLTT|),Bizerte,inconnu,inconnu,98342814,97112870,0,a,Jachère,0.4,0,0,1,0,0,0,0
CCPB,T0622,DOMAINE ADONIS (SALAH BEN AYED),Beja,inconnu,inconnu,98301605,23301605,0,a.c,olivier à huile,45.900000000000013,0,97.225,1,0,1,0,0
CCPB,T0622,DOMAINE ADONIS (SALAH BEN AYED),Beja,inconnu,inconnu,98301605,23301605,0,a.c,olivier de table,3.1,1,8.35,1,0,1,0,0
CCPB,T0622,DOMAINE ADONIS (SALAH BEN AYED),Beja,inconnu,inconnu,98301605,23301605,0,a.c,Grenadier,0.5,0,1,1,0,1,0,0
CCPB,T0622,DOMAINE ADONIS (SALAH BEN AYED),Beja,inconnu,inconnu,98301605,23301605,0,a.c,PAM (Romarin. Thym).2 Olivier sauvage,50,0,0,1,0,1,0,0
CCPB,T0622,DOMAINE ADONIS (SALAH BEN AYED),Beja,inconnu,inconnu,98301605,23301605,0,a.b.c,Apiculture,0,0,0,1,1,1,0,0
CCPB,T0622,DOMAINE ADONIS (SALAH BEN AYED),Beja,inconnu,inconnu,98301605,23301605,0,a.c,Extraction de l'huile d'olive biologique,0,0,0,1,0,1,0,0
CCPB,T0625,EDEN LIFE,Gabes ,inconnu,inconnu,52209050,0,71948539,c.f,Spiruline,1600  m²,1,4400,0,0,1,0,1
CCPB,T0625,EDEN LIFE,Gabes ,inconnu,inconnu,52209050,0,71948539,c.f,Transformation de spiruline,0,0,0,0,0,1,0,1
CCPB,T0630,HEDI BEN AHMED,Kebili,inconnu,inconnu,23324954,0,0,a,Palmiers dattiers,10.79,1,91.715,1,0,0,0,0
CCPB,T0634,HUILERIE OULED AMINE DES HUILES,Mahdia ,inconnu,inconnu,98634479,0,0,a.c,Olivier à Huiles ,909.62,90,262.3,1,0,1,0,0
CCPB,T0634,HUILERIE OULED AMINE DES HUILES,Mahdia ,inconnu,inconnu,98634479,0,0,a.c,Amandier,21.41,0,0,1,0,1,0,0
CCPB,T0634,HUILERIE OULED AMINE DES HUILES,Mahdia ,inconnu,inconnu,98634479,0,0,a.c,Extraction de l'huile d'olive biologique,0,0,0,1,0,1,0,0
CCPB,T0635,ULYSSE HYPER DISTRIBUTION UHD,Tunis,inconnu,inconnu,24348144,0,0,c,Conditionnement du pain BIO,0,1,0,0,0,1,0,0
CCPB,T0636,STE BIOORGIN FRUITS SUARL,Tozeur,inconnu,inconnu,99923533,0,0,a.c,Palmiers dattiers ,229,162,1296,1,0,1,0,0
CCPB,T0636,STE BIOORGIN FRUITS SUARL,Tozeur,inconnu,inconnu,99923533,0,0,a.c,Transformation et conditionnement (Datte branchée. dattes dénoyautée. poudre. pâte) des dattes biologiques,0,0,0,1,0,1,0,0
CCPB,T0637,SOCIETE MANARA AGRO SARL,Nabeul,inconnu,inconnu,23324954,0,0,c,Transformation des dattes biologique,0,1,400,0,0,1,0,0
CCPB,T0640,SOCIETE DEVELOPPEMENT AGROALIMENTAIRE DE TUNISIE. SODAT,Kebili,inconnu,inconnu,99442977,0,71559108,a.c,Palmiers dattiers ,59,1,358,1,0,1,0,0
CCPB,T0640,SOCIETE DEVELOPPEMENT AGROALIMENTAIRE DE TUNISIE. SODAT,Kebili,inconnu,inconnu,99442977,0,0,a.c,Oliviers,5,0,100,1,0,1,0,0
CCPB,T0640,SOCIETE DEVELOPPEMENT AGROALIMENTAIRE DE TUNISIE. SODAT,Kebili,inconnu,inconnu,99442977,0,0,a.c,Jachère,44,0,0,1,0,1,0,0
CCPB,T0640,SOCIETE DEVELOPPEMENT AGROALIMENTAIRE DE TUNISIE. SODAT,Kebili,inconnu,inconnu,99442977,0,0,a.c,Transformation des dattes biologique,0,0,0,1,0,1,0,0
CCPB,T0641,ENTREPOSAGE FRIGORIFIQUE CHEDLI NAFTI,Tozeur,inconnu,inconnu,96492862,0,0,c,Palmiers dattiers,13.58,10,166,0,0,1,0,0
CCPB,T0641,ENTREPOSAGE FRIGORIFIQUE CHEDLI NAFTI,Tozeur,inconnu,inconnu,96492862,0,0,c,Transformation des dattes biologique,0,0,0,0,0,1,0,0
CCPB,T0644,SOCIETE ADONIS OLIVE OIL,Beja,inconnu,inconnu,98301605,23301605,0,c,Conditionnement d'Huile d'Olive BIO,0,0,12 T,0,0,1,0,0
CCPB,T0645,HUILERIE HAFED BEL ABED (SOBEVAG),Mahdia,inconnu,inconnu,98277797,0,0,a.c,Oliviers à Huiles,211.75,24,461,1,0,1,0,0
CCPB,T0645,HUILERIE HAFED BEL ABED (SOBEVAG),Mahdia,inconnu,inconnu,98277797,0,0,a.c,Amandiers,7.8,0,0,1,0,1,0,0
CCPB,T0645,HUILERIE HAFED BEL ABED (SOBEVAG),Mahdia,inconnu,inconnu,98277797,0,0,a.c,Extraction de l'huile d'olive biologique,0,0,0,1,0,1,0,0
CCPB,T0646,HUILERIE SOUID BIOLOGIQUE,Monastir,inconnu,inconnu,97486896,42451198,0,a.c,Olive à Huile,176.697,0,83.49,1,0,1,0,0
CCPB,T0646,HUILERIE SOUID BIOLOGIQUE,Monastir,inconnu,inconnu,97486896,42451198,0,a.c,Extraction de l'huile d'olive biologique,0,0,0,1,0,1,0,0
CCPB,T0650,BELLI FRUITS SARL,Nabeul ,inconnu,inconnu,72200 233,72200220/53413 868,0,c,Transformation des dattes biologique,0,0,0,0,0,1,0,0
CCPB,T0652,SOCIETE KAPSA FOOD,Gafsa,inconnu,inconnu,22379553,0,0,c,Transformation des dattes biologique,0,0,0,0,0,1,0,0
CCPB,T0655,SPIRUVITA,Mahdia,inconnu,inconnu,95765179,0,0,c.f,Spiruline,60 m²,0,207,0,0,1,0,1
CCPB,T0655,SPIRUVITA,Mahdia,inconnu,inconnu,95765179,0,0,c.f,Transformation de spiruline,0,0,0,0,0,1,0,1
CCPB,T0660,HUILERIE ABDALLAH ET FILS,Mahdia,inconnu,inconnu,92040777,24123709,0,a.c,Oliviers à huile,831676,111,407.28,1,0,1,0,0
CCPB,T0660,HUILERIE ABDALLAH ET FILS,Mahdia,inconnu,inconnu,92040777,24123710,0,a.c,Arbres Fruitiers mixtes,1.693,0,0,1,0,1,0,0
CCPB,T0660,HUILERIE ABDALLAH ET FILS,Mahdia,inconnu,inconnu,92040777,24123718,0,a.c,Amandiers,9.424,0,0,1,0,1,0,0
CCPB,T0660,HUILERIE ABDALLAH ET FILS,Mahdia,inconnu,inconnu,92040777,24123720,0,a.c,Figuiers et Amandiers,1.369,0,0,1,0,1,0,0
CCPB,T0660,HUILERIE ABDALLAH ET FILS,Mahdia,inconnu,inconnu,92040777,24123722,0,a.c,Extraction de l'huile d'olive biologique,0,0,0,1,0,1,0,0
CCPB,T0667,SOCIETE HUILERIE BIOLOGIQUE ABID,Mahdia,inconnu,inconnu,98408718,53758718,0,a.c,Oliviers à huiles,217.727,34,O=373.219 T,1,0,1,0,0
CCPB,T0667,SOCIETE HUILERIE BIOLOGIQUE ABID,Mahdia,inconnu,inconnu,98408718,53758718,0,a.c,Oliviers à huiles + Arbres Fruitiers Mixtes,59.397,0,O= 126.97 T,1,0,1,0,0
CCPB,T0667,SOCIETE HUILERIE BIOLOGIQUE ABID,Mahdia,inconnu,inconnu,98408718,53758718,0,a.c,Oliviers à huiles + Jachère,1.782,0,O= 3 T,1,0,1,0,0
CCPB,T0667,SOCIETE HUILERIE BIOLOGIQUE ABID,Mahdia,inconnu,inconnu,98408718,53758718,0,a.c,Oliviers à huiles + Oliviers de table + Amandiers,1.283,0,O= 2.2,1,0,1,0,0
CCPB,T0667,SOCIETE HUILERIE BIOLOGIQUE ABID,Mahdia,inconnu,inconnu,98408718,53758718,0,a.c,Oliviers à huiles + Pois Chiche,0.996,0,O= 2.4 T,1,0,1,0,0
CCPB,T0667,SOCIETE HUILERIE BIOLOGIQUE ABID,Mahdia,inconnu,inconnu,98408718,53758718,0,a.c,Oliviers à huiles + pomme de terre+petit poid+amandier,2.049,0,O=10.4T,1,0,1,0,0
CCPB,T0667,SOCIETE HUILERIE BIOLOGIQUE ABID,Mahdia,inconnu,inconnu,98408718,53758718,0,a.c,Extraction de l'huile d'olive biologique,0,0,0,1,0,1,0,0
CCPB,T0670,Société de développement agricole AL HABIB,Bizerte,inconnu,inconnu,98220991,22477699,0,a,Oliviers à Huile,47.2,0,30,1,0,0,0,0
CCPB,T0670,Société de développement agricole AL HABIB,Bizerte,inconnu,inconnu,98220991,22477699,0,a,avoine,11,1,0,1,0,0,0,0
CCPB,T0670,Société de développement agricole AL HABIB,Bizerte,inconnu,inconnu,98220991,22477699,0,a,Jachére,25,0,0,1,0,0,0,0
CCPB,T0673,Huilerie Anouar Mechi ,Sfax,inconnu,inconnu,97360893,0,0,a.c,Oliviers à huiles ,1308.142,1,1972,1,0,1,0,0
CCPB,T0673,Huilerie Anouar Mechi ,Sfax,inconnu,inconnu,97360893,0,0,a.c,Transformation Huiles d'olive biologique  ,0,0,0,1,0,1,0,0
CCPB,T0675,STE Hulerie Hassan Ellouze ,Sfax,inconnu,inconnu,51277000,0,0,a.c,Oliviers à huiles,804.63,0,1088,1,0,1,0,0
CCPB,T0675,STE Hulerie Hassan Ellouze ,Sfax,inconnu,inconnu,51277000,0,0,a.c,Extraction de l'huile d'olive biologique,0,1,0,1,0,1,0,0
CCPB,T0678,MORINGA BIO HOUSE,Gafsa,inconnu,inconnu,25038222,0,0,a.c,Moringa ,1,1,0.2,1,0,1,0,0
CCPB,T0678,MORINGA BIO HOUSE,Gafsa,inconnu,inconnu,25038222,0,0,a.c,Arbre Fruitiers Mixtes ( Figuier. Pommiers. Poiriers. Pomier. Abricotiers. Cerisier. Amandier. Oliviers. Palmier dattier. Pistachiers. Pechier. Murier. Mandarine. Citronnier. Noyer. Plaqueminier. Raisin),3.7,0,5,1,0,1,0,0
CCPB,T0678,MORINGA BIO HOUSE,Gafsa,inconnu,inconnu,25038222,0,0,a.c,Transformation huile d'olive ,0,0,0,1,0,1,0,0
CCPB,T0682,SOCIETE AGRICOLE INNOVATION,Sfax,inconnu,inconnu,22377160,23552210,0,c,Commercialisation de l'huile d'olive biologique,0,1,0,0,0,1,0,0
CCPB,T0686,GDA Mareth,Gabes ,inconnu,inconnu,96655801,0,0,          a,Olivier . Grendier . Abricotier . Palmier dattier . citronnier ,9.3567,1,0,1,0,0,0,0
CCPB,T0688,STE FATMA DE PRODUCTION H.OLIVE,      Sidi Bouzid,inconnu,inconnu,24231390,98231390,0,a.c,Oliviers à huile,66.58,7,765.5,1,0,1,0,0
CCPB,T0688,STE FATMA DE PRODUCTION H.OLIVE,Kairouan,inconnu,inconnu,24231390,98231390,0,a.c,Oliviers à huile,466.65,28,1273.19,1,0,1,0,0
CCPB,T0688,STE FATMA DE PRODUCTION H.OLIVE,Sfax,inconnu,inconnu,24231390,98231390,0,a.c,Oliviers à huile,377.32999999999993,16,655.86,1,0,1,0,0
CCPB,T0688,STE FATMA DE PRODUCTION H.OLIVE,      Sidi Bouzid,inconnu,inconnu,24231390,98231390,0,a.c,Extraction de l'huile d'olive,0,0,0,1,0,1,0,0
CCPB,T0698,SOCIETE HUILERIE ZITOUNA,Sfax,inconnu,inconnu,98438713,0,0,a.c,Olive à huile ,460.99,4,2878,1,0,1,0,0
CCPB,T0698,SOCIETE HUILERIE ZITOUNA,Sfax,inconnu,inconnu,98438713,0,0,a.c,Extraction de l'huile d'olive biologique,0,0,0,1,0,1,0,0
CCPB,T0700,SOCIETE CHEBLA DES HUILES D'OLIVES ALIMENTAIRES,                 Sidi Bouzid,inconnu,inconnu,98373634,0,0,        a.c,olive à huile,263.13,21,2863.1,1,0,1,0,0
CCPB,T0700,SOCIETE CHEBLA DES HUILES D'OLIVES ALIMENTAIRES,                 Sidi Bouzid,inconnu,inconnu,98373634,0,0,        a.c,Extraction de l'huile d'olive biologique,0,0,0,1,0,1,0,0
CCPB,T0701,SOCIETE HUILERIE EL BARAKA DES HUILES,                 Sidi Bouzid,inconnu,inconnu,97640652,0,0,        a.c,Olive à huile ,436.38,31,2560,1,0,1,0,0
CCPB,T0701,SOCIETE HUILERIE EL BARAKA DES HUILES,                 Sidi Bouzid,inconnu,inconnu,97640652,0,0,        a.c,Extraction de l'huile d'olive biologique,0,0,0,1,0,1,0,0
CCPB,T0703,HUILERIE EL AFEK,                 Sidi Bouzid,inconnu,inconnu,97010408,0,0,        a.c,Olive à huile ,361.05,18,3144,1,0,1,0,0
CCPB,T0703,HUILERIE EL AFEK,                 Sidi Bouzid,inconnu,inconnu,97010408,0,0,        a.c,Amandiers,8,0,0,1,0,1,0,0
CCPB,T0703,HUILERIE EL AFEK,                 Sidi Bouzid,inconnu,inconnu,97010408,0,0,        a.c,Extraction de l'huile d'olive biologique,0,0,0,1,0,1,0,0
CCPB,T0706,Hassan Ayari ,                     kef,inconnu,inconnu,97993599,0,0,          b,Apiculture,0,0,0,0,1,0,0,0
CCPB,T0711,Societe Huilerie Baba Rjouba ,Mahdia,inconnu,inconnu,98565984,0,0,a.c,Olive à Huile,114.824,0,0,1,0,1,0,0
CCPB,T0711,Societe Huilerie Baba Rjouba ,Kairouan,inconnu,inconnu,98565984,0,0,a.c,Olive à Huile,41,1,0,1,0,1,0,0
CCPB,T0711,Societe Huilerie Baba Rjouba ,Mahdia,inconnu,inconnu,98565984,0,0,a.c,Extraction de l'huile d'olive biologique,0,0,0,1,0,1,0,0
CCPB,T0718,STE DAOUD BEN AYED AGRICULTURE,Manouba,inconnu,inconnu,22133321,0,0,a,Olive à huile ,6.107,1,0,1,0,0,0,0
CCPB,T0718,STE DAOUD BEN AYED AGRICULTURE,Manouba,inconnu,inconnu,22133321,0,0,a,Amande,7.89,0,2,1,0,0,0,0
CCPB,T0726, STE EXPORTATION YODINIS,Beja,inconnu,inconnu,22133321,0,0,c,Extraction de l'huile d'olive biologique,0,0,0,0,0,1,0,0
CCPB,T0730,SOCOETE MAHBOUBA HUILES,Kairouan,inconnu,inconnu,98932703,0,0,a.c,0,0,1,0,1,0,1,0,0
CCPB,T0730,SOCOETE MAHBOUBA HUILES,Kairouan,inconnu,inconnu,98932703,0,0,a.c,Olive à huile,427.701,0,8765,1,0,1,0,0
CCPB,T0731,SOCIETE RABEB DES HUILES ,Kairouan,inconnu,inconnu,98284116,0,0,a.c,0,0,0,0,1,0,1,0,0
CCPB,T0731,SOCIETE RABEB DES HUILES ,Kairouan,inconnu,inconnu,98284116,0,0,a.c,Olive à huile ,204,0,350,1,0,1,0,0
CCPB,T0734,MM2A TUNISIAN EXPORT ,Sfax,inconnu,inconnu,21438713,98438713,0,c,Export Huile d'olive ,0,1,0,0,0,1,0,0
CCPB,T0736,STE MISA EXPORT ET IMPORT COMPANY,Nabeul,inconnu,inconnu,22922450,0,0,c,Transformation Datte ,0,1,0,0,0,1,0,0
CCPB,T0738,HUILERIE NOUR SAID BAZAOUI,Kairouan,inconnu,inconnu,97480086,0,0,a.c,Oliver à huile ,145.49,1,1061,1,0,1,0,0
CCPB,T0738,HUILERIE NOUR SAID BAZAOUI,Sidi Bouzid,inconnu,inconnu,97480086,0,0,a.c,Oliver à huile ,90.62,0,660,1,0,1,0,0
CCPB,T0742,HAIFA DAMDOUM ET HOUSSEM ASSADI,Zaghouan ,inconnu,inconnu,22546574,0,0,a,Oliviers à huile ,4,1,9.7,1,0,0,0,0
CCPB,T0742,HAIFA DAMDOUM ET HOUSSEM ASSADI,Zaghouan ,inconnu,inconnu,22546574,0,0,a,Oliviers à huile ,0.5,0,0,1,0,0,0,0
CCPB,T0742,HAIFA DAMDOUM ET HOUSSEM ASSADI,Zaghouan ,inconnu,inconnu,22546574,0,0,a,Amandiers,1.5,0,0,1,0,0,0,0
CCPB,T0743,STE HAJ AHMED CHAABANE ET FILS DHUILE BIO,Mahdia,inconnu,inconnu,29353351,0,0,a.c,Olive à huile,196.92,1,357.84,1,0,1,0,0
CCPB,T0743,STE HAJ AHMED CHAABANE ET FILS DHUILE BIO,Mahdia,inconnu,inconnu,29353351,0,0,a.c,Amandier,0.64,0,0,1,0,1,0,0
CCPB,T0743,STE HAJ AHMED CHAABANE ET FILS DHUILE BIO,Mahdia,inconnu,inconnu,29353351,0,0,a.c,Extraction de l'huile d'olive biologique,0,0,0,1,0,1,0,0
CCPB,T0746,BRA INTERNATIONAL DE CONDITIONEMENT ET EXPORT DES DATTES ,Tunis,inconnu,inconnu,52702408,0,0,c,stockage et condionnement des dattes ,0,1,0,0,0,1,0,0
CCPB,T0747,HUILERIE MOSTPHA BEN NASER ,Mahdia,inconnu,inconnu,98909346,0,0,a.c,Olive à huile ,378.771,70,0,1,0,1,0,0
CCPB,T0747,HUILERIE MOSTPHA BEN NASER ,Mahdia,inconnu,inconnu,98909346,0,0,a.c,Extraction de l'huile d'olive biologique,0,0,0,1,0,1,0,0
CCPB,T0748,HARIMELLA OLIVE OIL COMPANY ,Nabeul,inconnu,inconnu,70222623,0,0,c,Extraction de l'huile d'olive biologique,0,1,0,0,0,1,0,0
CCPB,T0751,MNAPPRO ,Kef,inconnu,inconnu,0,0,0,a,Jachére,47.85,1,0,1,0,0,0,0
CCPB,T0751,MNAPPRO ,Kef,inconnu,inconnu,0,0,0,a,Oliver à huile ,4.15,0,100,1,0,0,0,0
CCPB,T0751,MNAPPRO ,Kef,inconnu,inconnu,0,0,0,a,Piments,5.5,0,100,1,0,0,0,0
CCPB,T0751,MNAPPRO ,Kef,inconnu,inconnu,0,0,0,a,Persil,10,1,392,1,0,0,0,0
CCPB,T0753,SDA EL Ghanima Andalous,Beja,inconnu,inconnu,98429332,0,0,a,Persil,5,0,126,1,0,0,0,0
CCPB,T0753,SDA EL Ghanima Andalous,Beja,inconnu,inconnu,58517703,0,0,a,Jachére,17.3,0,0,1,0,0,0,0
CCPB,T0754,SOCIETE HAMMA DE PRODUCTION D'HUILE D'OLIVE,Kairouan,inconnu,inconnu,97077920,0,0,a.c,Oliver à huile ,150.003,1,868,1,0,1,0,0
CCPB,T0754,SOCIETE HAMMA DE PRODUCTION D'HUILE D'OLIVE,Kairouan,inconnu,inconnu,97077920,0,0,a.c,Extraction de l'huile d'olive biologique,0,0,0,1,0,1,0,0
CCPB,T0755,STE DE COMMERCE HUILE D'OLIVE BEN AMOR EL WIFAK,Monastir,inconnu,inconnu,94276981,94261013,0,C,Extraction de l'huile d'olive biologique,0,1,0,0,0,1,0,0
CCPB,T0756,STE SABRA OLIVE OIL,Kairouan,inconnu,inconnu,25981981,50870204,0,c,Extraction de l'huile d'olive biologique,0,1,0,0,0,1,0,0
CCPB,T0757,SOCIETE LILLI OIL,Kairouan,inconnu,inconnu,98450591,0,0,a.c,Olivier à huile ,390.38,1,0,1,0,1,0,0
CCPB,T0757,SOCIETE LILLI OIL,Kairouan,inconnu,inconnu,98450591,0,0,a.c,Extraction de l'huile d'olive biologique,0,0,0,1,0,1,0,0
CCPB,T0760,HUILERIE FRERES BEN ABDESLAM,Mahdia,inconnu,inconnu,98277787,0,0,a.c,olive à huile ,846.1,75,2324.57,1,0,1,0,0
CCPB,T0760,HUILERIE FRERES BEN ABDESLAM,Mahdia,inconnu,inconnu,98277787,0,0,a.c,Extraction de l'huile d'olive,0,0,0,1,0,1,0,0
CCPB,T0762,MAALOUCHE AMIRA,Kairouan,inconnu,inconnu,0,0,0,a,Olive,5.093,1,3.6,1,0,0,0,0
CCPB,T0762,MAALOUCHE AMIRA,Kairouan,inconnu,inconnu,0,0,0,a,Amande. Figue. Grenade,0.015,0,0,1,0,0,0,0
CCPB,T0762,MAALOUCHE AMIRA,Kairouan,inconnu,inconnu,56445727,0,0,a,Rose,0.03,0,0,1,0,0,0,0
CCPB,T0763,STE AGRICOLE DE KSAR TIR,Beja,inconnu,inconnu,98429332,0,0,a,Jachére ,10,1,0,1,0,0,0,0
CCPB,T0764,CENTRE TECHNIQUE DE l'AGRICULTURE BIOLOGIQUE(CTAB),sousse,inconnu,inconnu,73327278,0,0,a.b.c,Poules + Coques ,0,1,0,1,1,1,0,0
CCPB,T0764,CENTRE TECHNIQUE DE l'AGRICULTURE BIOLOGIQUE(CTAB),sousse,inconnu,inconnu,73327278,0,0,a.b.c,Cactus,0.01,0,0,1,1,1,0,0
CCPB,T0764,CENTRE TECHNIQUE DE l'AGRICULTURE BIOLOGIQUE(CTAB),sousse,inconnu,inconnu,73327278,0,0,a.b.c,Fenouil /PAM,0.07,0,0.01,1,1,1,0,0
CCPB,T0764,CENTRE TECHNIQUE DE l'AGRICULTURE BIOLOGIQUE(CTAB),sousse,inconnu,inconnu,73327278,0,0,a.b.c,Petit Pois/PAM,0.05,0,0.02,1,1,1,0,0
CCPB,T0764,CENTRE TECHNIQUE DE l'AGRICULTURE BIOLOGIQUE(CTAB),sousse,inconnu,inconnu,73327278,0,0,a.b.c,Pépiniére d'hier. été ,0.048,0,0.03,1,1,1,0,0
CCPB,T0764,CENTRE TECHNIQUE DE l'AGRICULTURE BIOLOGIQUE(CTAB),sousse,inconnu,inconnu,73327278,0,0,a.b.c,Vignes de table,0.09,0,0.02,1,1,1,0,0
CCPB,T0764,CENTRE TECHNIQUE DE l'AGRICULTURE BIOLOGIQUE(CTAB),sousse,inconnu,inconnu,73327278,0,0,a.b.c,Agrumes . Grenade,1.625,0,0.005,1,1,1,0,0
CCPB,T0764,CENTRE TECHNIQUE DE l'AGRICULTURE BIOLOGIQUE(CTAB),sousse,inconnu,inconnu,73327278,0,0,a.b.c,Olive de table ,0.075,0,0.02,1,1,1,0,0
CCPB,T0764,CENTRE TECHNIQUE DE l'AGRICULTURE BIOLOGIQUE(CTAB),sousse,inconnu,inconnu,73327278,0,0,a.b.c,Jachére,0.157,0,0,1,1,1,0,0
CCPB,T0764,CENTRE TECHNIQUE DE l'AGRICULTURE BIOLOGIQUE(CTAB),sousse,inconnu,inconnu,73327278,0,0,a.b.c,cultures maraichéres +Moringa. Quinoa,1.201,0,0,1,1,1,0,0
CCPB,T0764,CENTRE TECHNIQUE DE l'AGRICULTURE BIOLOGIQUE(CTAB),sousse,inconnu,inconnu,73327278,0,0,a.b.c,Extraction de l'huile essentielle et de l'eau florale,0,0,0,1,1,1,0,0
CCPB,T0765,LABORATOIRES PHYTO ACTIFS,Mahdia,inconnu,inconnu,29552010,0,0,a.c,Romarin,1500,1,200,1,0,1,0,0
CCPB,T0768,ROUIS RIDHA,Kebili,inconnu,inconnu,98297711,0,0,a,palmier dattier,6,1,13,1,0,0,0,0
CCPB,T0773,AHMED DHOUIBI,Gafsa,inconnu,inconnu,96631183,0,0,a,palmier dattier,2.5,1,18.72,1,0,0,0,0
CCPB,T0812, STE FATTOUMA DATTE OR,Kebili,inconnu,inconnu,24507233,0,0,a.c,palmier dattier,16.65,1,109.6,1,0,1,0,0
CCPB,T0776,LA REINE DE L'AUBE DE COMMERCE INTERNATIONA,Manouba,inconnu,inconnu,98347944,0,0,c,Dattes,0,1,0,0,0,1,0,0
CCPB,T0778,TIBRA BEN HADID,Beja,inconnu,inconnu,98596958,0,0,a,grande culture,22.5,1,0,1,0,0,0,0
CCPB,T0780,STE HUILERIE MODERNE DHRAA TAMAR,Kairouan,inconnu,inconnu,50597932,0,0,c,Huile d'olive,0,1,0,0,0,1,0,0
CCPB,T0781,STE GOLDEN OLIVKI DE PRODUCTION AGRICOLE,Tunis,inconnu,inconnu,22667042,0,0,C,huile d'olive,0,1,0,0,0,1,0,0
CCPB,T0784,STE EL JAOUDA DATTES,Tozeur,inconnu,inconnu,56485125,0,0,a.c,palmiers dattier/dattes,22,2,0,1,0,1,0,0
CCPB,T0769,SOCIETE FERDAWES DATTES,Tozeur,inconnu,inconnu,24863594,0,0,a,palmier dattier,69.1,59,384.35,1,0,0,0,0
CCPB,T0791,	STE HAMMAMET INTERNATIONAL TRADING,Nabeul,inconnu,inconnu,23324954,0,0,c,huile d'olive/ datte,0,1,400,0,0,1,0,0
CCPB,T0788,BYL COMPANY,Gafsa,inconnu,inconnu,99921000,0,0,a.c,Dattes/ aleo vera,38.2,1,400,1,0,1,0,0
CCPB,T0779,HUILERIE EL ALLEM ,Monastir,inconnu,inconnu,29519265,0,0,c,huiled 'olive,0,1,0,0,0,1,0,0
CCPB,T0786,KHELIFI EXTRA VIRGIN OLIVE OIL (KEVOO),Kairouan,inconnu,inconnu,97915490 - 28459684,0,0,a.c,olive,495.24,28,3250,1,0,1,0,0
CCPB,T0786,KHELIFI EXTRA VIRGIN OLIVE OIL (KEVOO),Kairouan,inconnu,inconnu,97915490 - 28459684,0,0,a.c,huile d'olive,0,28,780,1,0,1,0,0
CCPB,T0790,MOHAMED RAOUAFI ,Kasserine,inconnu,inconnu,98366154,0,0,a,safran,2.2,1,350gr filament/ 12600 bulbes,1,0,0,0,0
CCPB,T0790,MOHAMED RAOUAFI ,Kasserine,inconnu,inconnu,98366154,0,0,a,olive,2.2,0,0.5,1,0,0,0,0
CCPB,T0790,MOHAMED RAOUAFI ,Kasserine,inconnu,inconnu,98366154,0,0,a,figue de barbarie,2.2,0,0.35,1,0,0,0,0
CCPB,T0790,MOHAMED RAOUAFI ,Kasserine,inconnu,inconnu,98366154,0,0,a,fruits divers,2.2,0,0.05,1,0,0,0,0
CCPB,T0791,STE HAMMAMET INTERNATIONAL TRADING,Nabeul,inconnu,inconnu,23324954,0,0,D,datte. huile d'olive,0,1,0,0,0,0,1,0
CCPB,T0792,HAFSA AOUINI,Nabeul,inconnu,inconnu,97688323,0,0,a,plantes aromatiques culture maraichère,2,1,0,1,0,0,0,0
CCPB,T0794,Société yasmina,Tozeur,inconnu,inconnu,22.262.348,0,0,a,palmier dattier,36.53,29,285.15,1,0,0,0,0
CCPB,T0795,MUSTAPHA CHABBAR,Kebili,inconnu,inconnu,98.280.081,0,0,a,palmier dattier,9.86,2,93.95,1,0,0,0,0
CCPB,T0796,FERME HENCHIR BADI,Kebili,inconnu,inconnu,97568701,0,0,a,palmier dattier ,20.1,6,210,1,0,0,0,0
CCPB,T0793,SOCIETE DE SERVICES AGRICOLES KSAR CHEIKH,Tunis,inconnu,inconnu,24521234,0,0,a,céréale/ léguméneuse,200,0,10,1,0,0,0,0
CCPB,T0797,SMSA BIO PUNICA,Beja,inconnu,inconnu,29331570,0,0,a.d,oliviers,35.5,11,250,1,0,0,1,0
CCPB,T0797,SMSA BIO PUNICA,Beja,inconnu,inconnu,0,0,0,a.d,grenadiers,0,0,150,1,0,0,1,0
CCPB,T0797,SMSA BIO PUNICA,Beja,inconnu,inconnu,0,0,0,a.d,amandiers,0,0,0,1,0,0,1,0
CCPB,T0797,SMSA BIO PUNICA,Beja,inconnu,inconnu,0,0,0,a.d,huile d'olive ,0,0,10,1,0,0,1,0
CCPB,T0798,STE PAM ESSENCE,Siliana,inconnu,inconnu,97790189,0,0,a,figue de barbarie,125.362,1,1468,1,0,0,0,0
CCPB,T0799,SOCIETE HAZOUA DATTES,Tozeur,inconnu,inconnu,29 417 776,28 110 509,0,a.d,palmier dattier,222.64,117,2006,1,0,0,1,0
CCPB,T0801,Touil Faten,Zaghouan ,inconnu,inconnu,58243525,0,0,a,olivier,34.5,1,55,1,0,0,0,0
CCPB,T0802,Omar Mestiri,Bizerte,inconnu,inconnu,50800811,0,0,a,grande culture,25.5,1,0,1,0,0,0,0
CCPB,T0803,SORA OIL,Manouba,inconnu,inconnu,96259347,0,0,a.d,olive/ huile d'olive ,91.45,1,130,1,0,0,1,0
CCPB,T0806,LOYAL AGRI COMPANY,Kasserine,inconnu,inconnu,58010783,0,0,a.d,olive/ huile d'olive ,99.32,44,37,1,0,0,1,0
CCPB,T0808,STE HUILERIE DJEBALI,Ben Arous,inconnu,inconnu,20269886,0,0,d,huile d'olive ,0,1,0,0,0,0,1,0
CCPB,T0810,	SOCIETE HUILE DE VIE,Kairouan,inconnu,inconnu,20242172,0,0,a.d,olive+ hile d'olive,633.33,131,3967,1,0,0,1,0
CCPB,T0811,LA VRAIE HUILE D'OLIVE VHO,Nabeul,inconnu,inconnu,55587000,0,0,d,huile d'olive,0,1,0,0,0,0,1,0
CCPB,T8013,Ferme Ben Tanfous,Nabeul,inconnu,inconnu,29370334,0,0,a,grandes cultures,100,0,0,1,0,0,0,0
CCPB,T8013,Ferme Ben Tanfous,Beja ,inconnu,inconnu,29370334,0,0,a,grandes cultures,11,1,0,1,0,0,0,0
CCPB,T0814,LA DISTILLERIE DE LA CERISE VERTE,Manouba,inconnu,inconnu,22230302,0,0,d,huile d'olive,0,1,0,0,0,0,1,0
CCPB,T0816,SOCIETE HAIFA,Nabeul,inconnu,inconnu,20349578,0,0,d,huile d'olive,0,1,0,0,0,0,1,0
CCPB,T0817,SOCIETE AGRICOLE OLEA,Kairouan,inconnu,inconnu,29000068,0,0,a,olive,124.7,1,40,1,0,0,0,0
CCPB,T0815,HNENI PRO AGRI,Sfax,inconnu,inconnu,24661423,0,0,d,huile d'olive,0,1,0,0,0,0,1,0
CCPB,T0812,	STE FATTOUMA DATTE OR,Kebili,inconnu,inconnu,29071085,0,0,a.d,palmier dattier / dattes,0,1,0,1,0,0,1,0
CCPB,T0770,	SOCIETE FRERES OUSSAFI D'HUILE D'OR,Kairouan,inconnu,inconnu,24067872,0,0,a.d,olive/ huile d'olive ,67.7,15,702.5,1,0,0,1,0
